USE Cursuri_Online;

-- Inserarea datelor în tabelul Domenii
INSERT INTO Domenii (DomeniuID, DenumireDomeniu) VALUES
    (1, 'Tehnologia Informației'),
    (2, 'Programare'),
    (3, 'Dezvoltare Web'),
    (4, 'Dezvoltare Mobile'),
    (5, 'Inteligență Artificială'),
    (6, 'Machine Learning'),
    (7, 'Data Science'),
    (8, 'Cybersecurity'),
    (9, 'Rețelistică'),
    (10, 'Sisteme de Operare'),
    (11, 'Baze de Date'),
    (12, 'Cloud Computing'),
    (13, 'DevOps'),
    (14, 'Inginerie Software'),
    (15, 'Testare Software'),
    (16, 'Robotică'),
    (17, 'Electronică'),
    (18, 'Mecatronică'),
    (19, 'Inginerie Electrică'),
    (20, 'Matematică Aplicată'),
    (21, 'Fizică'),
    (22, 'Chimie'),
    (23, 'Biologie'),
    (24, 'Medicină'),
    (25, 'Farmacie'),
    (26, 'Psihologie'),
    (27, 'Sociologie'),
    (28, 'Economie'),
    (29, 'Finanțe'),
    (30, 'Contabilitate'),
    (31, 'Management'),
    (32, 'Marketing'),
    (33, 'Resurse Umane'),
    (34, 'Antreprenoriat'),
    (35, 'Comerț'),
    (36, 'Logistică'),
    (37, 'Transporturi'),
    (38, 'Turism'),
    (39, 'Hotelărie'),
    (40, 'Gastronomie'),
    (41, 'Agricultură'),
    (42, 'Zootehnie'),
    (43, 'Ecologie'),
    (44, 'Protecția Mediului'),
    (45, 'Geografie'),
    (46, 'Istorie'),
    (47, 'Filosofie'),
    (48, 'Literatură'),
    (49, 'Lingvistică'),
    (50, 'Limba Engleză'),
    (51, 'Limba Română'),
    (52, 'Limba Franceză'),
    (53, 'Limba Germană'),
    (54, 'Arte Plastice'),
    (55, 'Design Grafic'),
    (56, 'Design Interior'),
    (57, 'Arhitectură'),
    (58, 'Construcții'),
    (59, 'Urbanism'),
    (60, 'Drept'),
    (61, 'Drept Penal'),
    (62, 'Drept Civil'),
    (63, 'Drept Internațional'),
    (64, 'Administrație Publică'),
    (65, 'Politică'),
    (66, 'Relații Internaționale'),
    (67, 'Jurnalism'),
    (68, 'Mass Media'),
    (69, 'Fotografie'),
    (70, 'Video Production'),
    (71, 'Cinema'),
    (72, 'Muzică'),
    (73, 'Sport'),
    (74, 'Educație Fizică'),
    (75, 'Antrenorat'),
    (76, 'Nutriție'),
    (77, 'Sănătate Publică'),
    (78, 'Stomatologie'),
    (79, 'Neurologie'),
    (80, 'Psihiatrie'),
    (81, 'Astronomie'),
    (82, 'Aerospațial'),
    (83, 'Automobile'),
    (84, 'Aviație'),
    (85, 'Maritim'),
    (86, 'Energie'),
    (87, 'Energie Regenerabilă'),
    (88, 'Blockchain'),
    (89, 'FinTech'),
    (90, 'E-commerce'),
    (91, 'Game Development'),
    (92, 'Game Design'),
    (93, 'UX/UI Design'),
    (94, 'Cloud Security'),
    (95, 'AI Ethics'),
    (96, 'Data Engineering'),
    (97, 'Big Data'),
    (98, 'Quantum Computing'),
    (99, 'Nanotehnologie'),
    (100, 'Cercetare Științifică');

-- Inserarea datelor în tabelul Raioane
INSERT INTO Raioane (RaionID, DenumireRaion) VALUES
    (1, 'Chisinau'),
    (2, 'Balti'),
    (3, 'Comrat'),
    (4, 'Tiraspol'),
    (5, 'Bender'),
    (6, 'Anenii Noi'),
    (7, 'Basarabeasca'),
    (8, 'Briceni'),
    (9, 'Cahul'),
    (10, 'Calarasi'),
    (11, 'Cantemir'),
    (12, 'Causeni'),
    (13, 'Cimislia'),
    (14, 'Criuleni'),
    (15, 'Donduseni'),
    (16, 'Drochia'),
    (17, 'Dubasari'),
    (18, 'Edinet'),
    (19, 'Falesti'),
    (20, 'Floresti'),
    (21, 'Glodeni'),
    (22, 'Hincesti'),
    (23, 'Ialoveni'),
    (24, 'Leova'),
    (25, 'Nisporeni'),
    (26, 'Ocnita'),
    (27, 'Orhei'),
    (28, 'Rezina'),
    (29, 'Riscani'),
    (30, 'Singerei'),
    (31, 'Soldanesti'),
    (32, 'Soroca'),
    (33, 'Stefan Voda'),
    (34, 'Straseni'),
    (35, 'Taraclia'),
    (36, 'Telenesti'),
    (37, 'Ungheni');

-- Inserarea datelor în tabelul Localități
INSERT INTO Localitati (LocalitateID, DenumireLocalitate, RaionID) VALUES
    (1, 'Chisinau', 1),
    (2, 'Codru', 1),
    (3, 'Cricova', 1),
    (4, 'Durlesti', 1),
    (5, 'Singera', 1),
    (6, 'Vadul Lui Voda', 1),
    (7, 'Vatra', 1),
    (8, 'Bacioi', 1),
    (9, 'Bic', 1),
    (10, 'Braila', 1),
    (11, 'Bubuieci', 1),
    (12, 'Budesti', 1),
    (13, 'Buneti', 1),
    (14, 'Ceroborta', 1),
    (15, 'Cheltuitori', 1),
    (16, 'Ciorescu', 1),
    (17, 'Colonita', 1),
    (18, 'Condrita', 1),
    (19, 'Cruzesti', 1),
    (20, 'Dobrogea', 1),
    (21, 'Dumbrava', 1),
    (22, 'Fauresti', 1),
    (23, 'Frumusica', 1),
    (24, 'Ghidighici', 1),
    (25, 'Goian', 1),
    (26, 'Goianul Nou', 1),
    (27, 'Gratiesti', 1),
    (28, 'Hulboaca', 1),
    (29, 'Humulesti', 1),
    (30, 'Revaca', 1),
    (31, 'Stauceni', 1),
    (32, 'Straisteni', 1),
    (33, 'Tohatin', 1),
    (34, 'Truseni', 1),
    (35, 'Vaduleni', 1),
    (36, 'Balti', 2),
    (37, 'Elizaveta', 2),
    (38, 'Sadovoe', 2),
    (39, 'Ceadir-Lunga', 3),
    (40, 'Comrat', 3),
    (41, 'Vulcanesti', 3),
    (42, 'Alexeevca', 3),
    (43, 'Avdarma', 3),
    (44, 'Baurci', 3),
    (45, 'Besalma', 3),
    (46, 'Besghioz', 3),
    (47, 'Bugeac', 3),
    (48, 'Carbalia', 3),
    (49, 'Cazaclia', 3),
    (50, 'Chioselia Rusa', 3),
    (51, 'Chiriet-Lunga', 3),
    (52, 'Chirsova', 3),
    (53, 'Cioc-Maidan', 3),
    (54, 'Cismichioi', 3),
    (55, 'Congaz', 3),
    (56, 'Congazcicul de Jos', 3),
    (57, 'Congazcicul de Sus', 3),
    (58, 'Copceac', 3),
    (59, 'Cotovscoe', 3),
    (60, 'Dezghingea', 3),
    (61, 'Dudulesti', 3),
    (62, 'Etulia', 3),
    (63, 'Etulia', 3),
    (64, 'Etulia Noua', 3),
    (65, 'Ferapontievca', 3),
    (66, 'Gaidar', 3),
    (67, 'Joltai', 3),
    (68, 'Svetlii', 3),
    (69, 'Tomai', 3),
    (70, 'Vulcanesti', 3),
    (71, 'Camenca', 4),
    (72, 'Crasnoe', 4),
    (73, 'Dnestrovsc', 4),
    (74, 'Dubasari', 4),
    (75, 'Grigoriopol', 4),
    (76, 'Maiac', 4),
    (77, 'Ribnita', 4),
    (78, 'Slobozia', 4),
    (79, 'Tiraspol', 4),
    (80, 'Tiraspolul Nou', 4),
    (81, 'Afanasievca', 4),
    (82, 'Alexandrovca', 4),
    (83, 'Alexandrovca Noua', 4),
    (84, 'Andreevca', 4),
    (85, 'Andriasevca Noua', 4),
    (86, 'Andriasevca Veche', 4),
    (87, 'Basarabca', 4),
    (88, 'Beloci', 4),
    (89, 'Bicioc', 4),
    (90, 'Blijnii Hutor', 4),
    (91, 'Bodeni', 4),
    (92, 'Bosca', 4),
    (93, 'Brosteni', 4),
    (94, 'Bruslachi', 4),
    (95, 'Buschi', 4),
    (96, 'Butor', 4),
    (97, 'Butuceni', 4),
    (98, 'Calinovca', 4),
    (99, 'Caragas', 4),
    (100, 'Carmanova', 4),
    (101, 'Caterinovca', 4),
    (102, 'Cernita', 4),
    (103, 'Chirov', 4),
    (104, 'Cioburciu', 4),
    (105, 'Cobasna', 4),
    (106, 'Coicova', 4),
    (107, 'Colosova', 4),
    (108, 'Comisarovca Noua', 4),
    (109, 'Constantinovca', 4),
    (110, 'Constantinovca', 4),
    (111, 'Corotna', 4),
    (112, 'Cosnita Noua', 4),
    (113, 'Cotovca', 4),
    (114, 'Crasnaia Besarabia', 4),
    (115, 'Crasnaia Gorca', 4),
    (116, 'Crasnencoe', 4),
    (117, 'Crasnii Octeabri', 4),
    (118, 'Crasnii Vinogradari', 4),
    (119, 'Crasnoe', 4),
    (120, 'Crasnogorca', 4),
    (121, 'Cuzmin', 4),
    (122, 'Delacau', 4),
    (123, 'Dimitrova', 4),
    (124, 'Doibani 1', 4),
    (125, 'Doibani 2', 4),
    (126, 'Dubau', 4),
    (127, 'Dzerjinscoe', 4),
    (128, 'Fedoseevca', 4),
    (129, 'Frunza', 4),
    (130, 'Frunzauca', 4),
    (131, 'Ghersunovca', 4),
    (132, 'Ghidirim', 4),
    (133, 'Goian', 4),
    (134, 'Goianul Nou', 4),
    (135, 'Haraba', 4),
    (136, 'Harmatca', 4),
    (137, 'Hirjau', 4),
    (138, 'Hirtop', 4),
    (139, 'Hlinaia', 4),
    (140, 'Hlinaia', 4),
    (141, 'Hristovaia', 4),
    (142, 'Hrusca', 4),
    (143, 'Iagorlic', 4),
    (144, 'Iantarnoe', 4),
    (145, 'India', 4),
    (146, 'Ivanovca', 4),
    (147, 'Jura', 4),
    (148, 'Lenin', 4),
    (149, 'Lisaia Gora', 4),
    (150, 'Lunga', 4),
    (151, 'Lunga Noua', 4),
    (152, 'Malaiesti', 4),
    (153, 'Marian', 4),
    (154, 'Mihailovca', 4),
    (155, 'Mihailovca Noua', 4),
    (156, 'Mocearovca', 4),
    (157, 'Mocra', 4),
    (158, 'Mocreachi', 4),
    (159, 'Molochisul Mare', 4),
    (160, 'Molochisul Mic', 4),
    (161, 'Nezavertailovca', 4),
    (162, 'Nicolscoe', 4),
    (163, 'Novaia Jizni', 4),
    (164, 'Novocotovsc', 4),
    (165, 'Novosavitcaia (Statie de Cale Ferata)', 4),
    (166, 'Novovladimirovca', 4),
    (167, 'Ocnita', 4),
    (168, 'Ofatinti', 4),
    (169, 'Parcani', 4),
    (170, 'Pervomaisc', 4),
    (171, 'Pervomaisc', 4),
    (172, 'Picalova', 4),
    (173, 'Plopi', 4),
    (174, 'Pobeda', 4),
    (175, 'Pobeda', 4),
    (176, 'Podoima', 4),
    (177, 'Podoimita', 4),
    (178, 'Pohrebea Noua', 4),
    (179, 'Popencu', 4),
    (180, 'Prioziornoe', 4),
    (181, 'Rascov', 4),
    (182, 'Roghi', 4),
    (183, 'Rotari', 4),
    (184, 'Sadchi', 4),
    (185, 'Saratei', 4),
    (186, 'Sevcenco', 4),
    (187, 'Severinovca', 4),
    (188, 'Sipca', 4),
    (189, 'Slobozia-Rascov', 4),
    (190, 'Smalena', 4),
    (191, 'Socolovca', 4),
    (192, 'Solnecinoe', 4),
    (193, 'Sovietscoe', 4),
    (194, 'Speia', 4),
    (195, 'Stanislavca', 4),
    (196, 'Stroiesti', 4),
    (197, 'Sucleia', 4),
    (198, 'Suhaia Ribnita', 4),
    (199, 'Taslic', 4),
    (200, 'Teiu', 4),
    (201, 'Tibuleuca', 4),
    (202, 'Tirnauca', 4),
    (203, 'Tocmagiu', 4),
    (204, 'Uiutnoe', 4),
    (205, 'Ulmu', 4),
    (206, 'Ulmul Mic', 4),
    (207, 'Vadul Turcului', 4),
    (208, 'Valea Adinca', 4),
    (209, 'Varancau', 4),
    (210, 'Vasilievca', 4),
    (211, 'Vesioloe', 4),
    (212, 'Vinogradnoe', 4),
    (213, 'Vladimirovca', 4),
    (214, 'Vladimirovca', 4),
    (215, 'Voitovca', 4),
    (216, 'Zaporojet', 4),
    (217, 'Zazuleni', 4),
    (218, 'Bender', 5),
    (219, 'Proteagailovca', 5),
    (220, 'Anenii Noi', 6),
    (221, 'Albinita', 6),
    (222, 'Balmaz', 6),
    (223, 'Batic', 6),
    (224, 'Beriozchi', 6),
    (225, 'Botnaresti', 6),
    (226, 'Botnarestii Noi', 6),
    (227, 'Bulboaca', 6),
    (228, 'Calfa', 6),
    (229, 'Calfa Noua', 6),
    (230, 'Chetrosu', 6),
    (231, 'Chirca', 6),
    (232, 'Ciobanovca', 6),
    (233, 'Cobusca Noua', 6),
    (234, 'Cobusca Veche', 6),
    (235, 'Cretoaia', 6),
    (236, 'Delacau', 6),
    (237, 'Floreni', 6),
    (238, 'Floresti', 6),
    (239, 'Geamana', 6),
    (240, 'Gura Bicului', 6),
    (241, 'Hirbovat', 6),
    (242, 'Hirbovatul Nou', 6),
    (243, 'Larga', 6),
    (244, 'Maximovca', 6),
    (245, 'Mereni', 6),
    (246, 'Merenii Noi', 6),
    (247, 'Mirnoe', 6),
    (248, 'Nicolaevca', 6),
    (249, 'Ochiul Ros', 6),
    (250, 'Picus', 6),
    (251, 'Puhaceni', 6),
    (252, 'Roscani', 6),
    (253, 'Ruseni', 6),
    (254, 'Salcia', 6),
    (255, 'Serpeni', 6),
    (256, 'Socoleni', 6),
    (257, 'Speia', 6),
    (258, 'Telita', 6),
    (259, 'Telita Noua', 6),
    (260, 'Tintareni', 6),
    (261, 'Todiresti', 6),
    (262, 'Troita Noua', 6),
    (263, 'Varnita', 6),
    (264, 'Zolotievca', 6),
    (265, 'Basarabeasca', 7),
    (266, 'Abaclia', 7),
    (267, 'Bascalia', 7),
    (268, 'Bogdanovca', 7),
    (269, 'Carabetovka', 7),
    (270, 'Carabiber', 7),
    (271, 'Iordanovca', 7),
    (272, 'Iserlia', 7),
    (273, 'Ivanovca', 7),
    (274, 'Sadaclia', 7),
    (275, 'Briceni', 8),
    (276, 'Lipcani', 8),
    (277, 'Balasinesti', 8),
    (278, 'Balcauti', 8),
    (279, 'Beleavinti', 8),
    (280, 'Berlinti', 8),
    (281, 'Bezeda', 8),
    (282, 'Bocicauti', 8),
    (283, 'Bogdanesti', 8),
    (284, 'Bulboaca', 8),
    (285, 'Caracusenii Noi', 8),
    (286, 'Caracusenii Vechi', 8),
    (287, 'Chirilovca', 8),
    (288, 'Colicauti', 8),
    (289, 'Corjeuti', 8),
    (290, 'Coteala', 8),
    (291, 'Cotiujeni', 8),
    (292, 'Criva', 8),
    (293, 'Drepcauti', 8),
    (294, 'Grimancauti', 8),
    (295, 'Grimesti', 8),
    (296, 'Groznita', 8),
    (297, 'Halahora de Jos', 8),
    (298, 'Halahora de Sus', 8),
    (299, 'Hlina', 8),
    (300, 'Larga', 8),
    (301, 'Marcauti', 8),
    (302, 'Marcautii Noi', 8),
    (303, 'Medveja', 8),
    (304, 'Mihaileni', 8),
    (305, 'Pavlovca', 8),
    (306, 'Pererita', 8),
    (307, 'Sirauti', 8),
    (308, 'Slobozia-Medveja', 8),
    (309, 'Slobozia-Sirauti', 8),
    (310, 'Tabani', 8),
    (311, 'Tetcani', 8),
    (312, 'Trebisauti', 8),
    (313, 'Trestieni', 8),
    (314, 'Cahul', 9),
    (315, 'Alexanderfeld', 9),
    (316, 'Alexandru Ioan Cuza', 9),
    (317, 'Andrusul de Jos', 9),
    (318, 'Andrusul de Sus', 9),
    (319, 'Badicul Moldovenesc', 9),
    (320, 'Baurci-Moldoveni', 9),
    (321, 'Borceag', 9),
    (322, 'Brinza', 9),
    (323, 'Bucuria', 9),
    (324, 'Burlaceni', 9),
    (325, 'Burlacu', 9),
    (326, 'Chioselia Mare', 9),
    (327, 'Chircani', 9),
    (328, 'Cislita-Prut', 9),
    (329, 'Colibasi', 9),
    (330, 'Cotihana', 9),
    (331, 'Crihana Veche', 9),
    (332, 'Cucoara', 9),
    (333, 'Doina', 9),
    (334, 'Frumusica', 9),
    (335, 'Gavanoasa', 9),
    (336, 'Giurgiulesti', 9),
    (337, 'Greceni', 9),
    (338, 'Huluboaia', 9),
    (339, 'Hutulu', 9),
    (340, 'Iasnaia Poleana', 9),
    (341, 'Iujnoe', 9),
    (342, 'Larga Noua', 9),
    (343, 'Larga Veche', 9),
    (344, 'Lebedenco', 9),
    (345, 'Lopatica', 9),
    (346, 'Lucesti', 9),
    (347, 'Manta', 9),
    (348, 'Moscovei', 9),
    (349, 'Nicolaevca', 9),
    (350, 'Paicu', 9),
    (351, 'Pascani', 9),
    (352, 'Pelinei', 9),
    (353, 'Rosu', 9),
    (354, 'Rumeantev', 9),
    (355, 'Satuc', 9),
    (356, 'Slobozia Mare', 9),
    (357, 'Spicoasa', 9),
    (358, 'Taraclia de Salcie', 9),
    (359, 'Tartaul de Salcie', 9),
    (360, 'Tataresti', 9),
    (361, 'Tretesti', 9),
    (362, 'Trifestii Noi', 9),
    (363, 'Tudoresti', 9),
    (364, 'Ursoaia', 9),
    (365, 'Vadul lui Isac', 9),
    (366, 'Valeni', 9),
    (367, 'Vladimirovca', 9),
    (368, 'Zirnesti', 9),
    (369, 'Calarasi', 10),
    (370, 'Bahmut', 10),
    (371, 'Bahmut (Statie de Cale Ferata)', 10),
    (372, 'Bahu', 10),
    (373, 'Bravicea', 10),
    (374, 'Buda', 10),
    (375, 'Bularda', 10),
    (376, 'Cabaiesti', 10),
    (377, 'Dereneu', 10),
    (378, 'Duma', 10),
    (379, 'Frumoasa', 10),
    (380, 'Hirbovat', 10),
    (381, 'Hirjauca', 10),
    (382, 'Hirova', 10),
    (383, 'Hoginesti', 10),
    (384, 'Horodiste', 10),
    (385, 'Leordoaia', 10),
    (386, 'Meleseni', 10),
    (387, 'Mindra', 10),
    (388, 'Niscani', 10),
    (389, 'Novaci', 10),
    (390, 'Oniscani', 10),
    (391, 'Oricova', 10),
    (392, 'Palanca', 10),
    (393, 'Parcani', 10),
    (394, 'Paulesti', 10),
    (395, 'Piticeni', 10),
    (396, 'Pirjolteni', 10),
    (397, 'Pitusca', 10),
    (398, 'Podul Lung', 10),
    (399, 'Raciula', 10),
    (400, 'Radeni', 10),
    (401, 'Sadova', 10),
    (402, 'Saseni', 10),
    (403, 'Schinoasa', 10),
    (404, 'Selistea Noua', 10),
    (405, 'Sipoteni', 10),
    (406, 'Sverida', 10),
    (407, 'Temeleuti', 10),
    (408, 'Tibirica', 10),
    (409, 'Tuzara', 10),
    (410, 'Ursari', 10),
    (411, 'Valcinet', 10),
    (412, 'Varzarestii Noi', 10),
    (413, 'Cantemir', 11),
    (414, 'Acui', 11),
    (415, 'Alexandrovca', 11),
    (416, 'Antonesti', 11),
    (417, 'Baimaclia', 11),
    (418, 'Bobocica', 11),
    (419, 'Cania', 11),
    (420, 'Capaclia', 11),
    (421, 'Chioselia', 11),
    (422, 'Ciietu', 11),
    (423, 'Ciobalaccia', 11),
    (424, 'Cirpesti', 11),
    (425, 'Cisla', 11),
    (426, 'Cociulia', 11),
    (427, 'Constantinesti', 11),
    (428, 'Costangalia', 11),
    (429, 'Craciun', 11),
    (430, 'Dimitrova', 11),
    (431, 'Enichioi', 11),
    (432, 'Flocoasa', 11),
    (433, 'Floricica', 11),
    (434, 'Ghioltosu', 11),
    (435, 'Gotesti', 11),
    (436, 'Hanaseni', 11),
    (437, 'Haragis', 11),
    (438, 'Hirtop', 11),
    (439, 'Iepureni', 11),
    (440, 'Larguta', 11),
    (441, 'Leca', 11),
    (442, 'Lingura', 11),
    (443, 'Pleseni', 11),
    (444, 'Plopi', 11),
    (445, 'Popovca', 11),
    (446, 'Porumbesti', 11),
    (447, 'Sadic', 11),
    (448, 'Samalia', 11),
    (449, 'Sofranovca', 11),
    (450, 'Stoianovca', 11),
    (451, 'Suhat', 11),
    (452, 'Taraclia', 11),
    (453, 'Taraclia', 11),
    (454, 'Tarancuta', 11),
    (455, 'Tartaul', 11),
    (456, 'Tataraseni', 11),
    (457, 'Tiganca', 11),
    (458, 'Tiganca Noua', 11),
    (459, 'Toceni', 11),
    (460, 'Tolica', 11),
    (461, 'Victorovca', 11),
    (462, 'Vilcele', 11),
    (463, 'Visniovca', 11),
    (464, 'Cainari', 12),
    (465, 'Causeni', 12),
    (466, 'Baccealia', 12),
    (467, 'Baimaclia', 12),
    (468, 'Baurci', 12),
    (469, 'Cainari (Statie de Cale Ferata)', 12),
    (470, 'Chircaiesti', 12),
    (471, 'Chircaiestii Noi', 12),
    (472, 'Chitcani', 12),
    (473, 'Cirnateni', 12),
    (474, 'Cirnatenii Noi', 12),
    (475, 'Ciuflesti', 12),
    (476, 'Constantinovca', 12),
    (477, 'Copanca', 12),
    (478, 'Coscalia', 12),
    (479, 'Cremenciug', 12),
    (480, 'Firladeni', 12),
    (481, 'Firladenii Noi', 12),
    (482, 'Florica', 12),
    (483, 'Gisca', 12),
    (484, 'Gradinita', 12),
    (485, 'Grigorievca', 12),
    (486, 'Hagimus', 12),
    (487, 'Leuntea', 12),
    (488, 'Marianca de Sus', 12),
    (489, 'Merenesti', 12),
    (490, 'Opaci', 12),
    (491, 'Pervomaisc', 12),
    (492, 'Plop', 12),
    (493, 'Plopi-Stiubei', 12),
    (494, 'Saiti', 12),
    (495, 'Salcuta', 12),
    (496, 'Salcuta Noua', 12),
    (497, 'Stefanesti', 12),
    (498, 'Surchiceni', 12),
    (499, 'Tanatari', 12),
    (500, 'Tanatarii Noi', 12),
    (501, 'Taraclia', 12),
    (502, 'Tocuz', 12),
    (503, 'Tricolici', 12),
    (504, 'Ucrainca', 12),
    (505, 'Ursoaia', 12),
    (506, 'Ursoaia Noua', 12),
    (507, 'Valea Verde', 12),
    (508, 'Zahorna', 12),
    (509, 'Zaim', 12),
    (510, 'Zaim (Statie de Cale Ferata)', 12),
    (511, 'Zviozdocica', 12),
    (512, 'Cimislia', 13),
    (513, 'Albina', 13),
    (514, 'Artimonovca', 13),
    (515, 'Batir', 13),
    (516, 'Bogdanovca Noua', 13),
    (517, 'Bogdanovca Veche', 13),
    (518, 'Cenac', 13),
    (519, 'Ciucur-Mingir', 13),
    (520, 'Codreni', 13),
    (521, 'Costangalia', 13),
    (522, 'Dimitrovca', 13),
    (523, 'Ecaterinovca', 13),
    (524, 'Fetita', 13),
    (525, 'Gradiste', 13),
    (526, 'Gura Galbenei', 13),
    (527, 'Hirtop', 13),
    (528, 'Ialpug', 13),
    (529, 'Ialpujeni', 13),
    (530, 'Iurievca', 13),
    (531, 'Ivanovca Noua', 13),
    (532, 'Javgur', 13),
    (533, 'Lipoveni', 13),
    (534, 'Marienfeld', 13),
    (535, 'Maximeni', 13),
    (536, 'Mereni', 13),
    (537, 'Mihailovca', 13),
    (538, 'Munteni', 13),
    (539, 'Porumbrei', 13),
    (540, 'Prisaca', 13),
    (541, 'Sagaidac', 13),
    (542, 'Sagaidacul Nou', 13),
    (543, 'Satul Nou', 13),
    (544, 'Schinosica', 13),
    (545, 'Selemet', 13),
    (546, 'Suric', 13),
    (547, 'Topala', 13),
    (548, 'Troitcoe', 13),
    (549, 'Valea Perjei', 13),
    (550, 'Zloti (Statie de Cale Ferata)', 13),
    (551, 'Criuleni', 14),
    (552, 'Balabanesti', 14),
    (553, 'Balasesti', 14),
    (554, 'Baltata', 14),
    (555, 'Baltata de Sus', 14),
    (556, 'Boscana', 14),
    (557, 'Chetroasa', 14),
    (558, 'Cimiseni', 14),
    (559, 'Ciopleni', 14),
    (560, 'Corjova', 14),
    (561, 'Cosernita', 14),
    (562, 'Cruglic', 14),
    (563, 'Dolinnoe', 14),
    (564, 'Drasliceni', 14),
    (565, 'Dubasarii Vechi', 14),
    (566, 'Hirtopul Mare', 14),
    (567, 'Hirtopul Mic', 14),
    (568, 'Hrusova', 14),
    (569, 'Isnovat', 14),
    (570, 'Izbiste', 14),
    (571, 'Jevreni', 14),
    (572, 'Loganesti', 14),
    (573, 'Magdacesti', 14),
    (574, 'Malaiesti', 14),
    (575, 'Malaiestii Noi', 14),
    (576, 'Mardareuca', 14),
    (577, 'Mascauti', 14),
    (578, 'Miclesti', 14),
    (579, 'Ohrincea', 14),
    (580, 'Onitcani', 14),
    (581, 'Pascani', 14),
    (582, 'Porumbeni', 14),
    (583, 'Raculesti', 14),
    (584, 'Ratus', 14),
    (585, 'Riscova', 14),
    (586, 'Sagaidac', 14),
    (587, 'Sagaidacul de Sus', 14),
    (588, 'Slobozia-Dusca', 14),
    (589, 'Stetcani', 14),
    (590, 'Valea Colonitei', 14),
    (591, 'Valea Satului', 14),
    (592, 'Zaicana', 14),
    (593, 'Zolonceni', 14),
    (594, 'Donduseni', 15),
    (595, 'Arionesti', 15),
    (596, 'Baraboi', 15),
    (597, 'Boroseni', 15),
    (598, 'Braicau', 15),
    (599, 'Briceni', 15),
    (600, 'Briceva', 15),
    (601, 'Caraiman', 15),
    (602, 'Cernoleuca', 15),
    (603, 'Climauti', 15),
    (604, 'Codrenii Noi', 15),
    (605, 'Corbu', 15),
    (606, 'Criscauti', 15),
    (607, 'Donduseni', 15),
    (608, 'Elenovca', 15),
    (609, 'Elizavetovca', 15),
    (610, 'Frasin', 15),
    (611, 'Horodiste', 15),
    (612, 'Mosana', 15),
    (613, 'Octeabriscoe', 15),
    (614, 'Pivniceni', 15),
    (615, 'Plop', 15),
    (616, 'Pocrovca', 15),
    (617, 'Rediul Mare', 15),
    (618, 'Scaieni', 15),
    (619, 'Sudarca', 15),
    (620, 'Taul', 15),
    (621, 'Teleseuca', 15),
    (622, 'Teleseuca Noua', 15),
    (623, 'Tirnova', 15),
    (624, 'Drochia', 16),
    (625, 'Antoneuca', 16),
    (626, 'Baroncea', 16),
    (627, 'Baroncea Noua', 16),
    (628, 'Ceapaevca', 16),
    (629, 'Chetrosu', 16),
    (630, 'Cotova', 16),
    (631, 'Dominteni', 16),
    (632, 'Drochia', 16),
    (633, 'Fintinita', 16),
    (634, 'Ghizdita (Statie de Cale Ferata)', 16),
    (635, 'Gribova', 16),
    (636, 'Hasnasenii Mari', 16),
    (637, 'Hasnasenii Noi', 16),
    (638, 'Holosnita Noua', 16),
    (639, 'Iliciovca', 16),
    (640, 'Lazo', 16),
    (641, 'Macareuca', 16),
    (642, 'Maramonovca', 16),
    (643, 'Miciurin', 16),
    (644, 'Mindic', 16),
    (645, 'Moara de Piatra', 16),
    (646, 'Nicoreni', 16),
    (647, 'Ochiul Alb', 16),
    (648, 'Palanca', 16),
    (649, 'Pelinia', 16),
    (650, 'Pervomaiscoe', 16),
    (651, 'Petreni', 16),
    (652, 'Popestii de Jos', 16),
    (653, 'Popestii de Sus', 16),
    (654, 'Popestii Noi', 16),
    (655, 'Salvirii Noi', 16),
    (656, 'Salvirii Vechi', 16),
    (657, 'Sergheuca', 16),
    (658, 'Sofia', 16),
    (659, 'Suri', 16),
    (660, 'Surii Noi', 16),
    (661, 'Tarigrad', 16),
    (662, 'Zgurita', 16),
    (663, 'Cocieri', 17),
    (664, 'Corjova', 17),
    (665, 'Cosnita', 17),
    (666, 'Dorotcaia', 17),
    (667, 'Holercani', 17),
    (668, 'Mahala', 17),
    (669, 'Marcauti', 17),
    (670, 'Molovata', 17),
    (671, 'Molovata Noua', 17),
    (672, 'Oxentea', 17),
    (673, 'Pirita', 17),
    (674, 'Pohrebea', 17),
    (675, 'Ustia', 17),
    (676, 'Vasilievca', 17),
    (677, 'Cupcini', 18),
    (678, 'Edinet', 18),
    (679, 'Alexandreni', 18),
    (680, 'Alexeevca', 18),
    (681, 'Badragii Noi', 18),
    (682, 'Badragii Vechi', 18),
    (683, 'Blesteni', 18),
    (684, 'Bratuseni', 18),
    (685, 'Bratusenii Noi', 18),
    (686, 'Brinzeni', 18),
    (687, 'Burlanesti', 18),
    (688, 'Buzdugeni', 18),
    (689, 'Cepeleuti', 18),
    (690, 'Chetrosica Noua', 18),
    (691, 'Chetrosica Veche', 18),
    (692, 'Chiurt', 18),
    (693, 'Cliscauti', 18),
    (694, 'Constantinovca', 18),
    (695, 'Corpaci', 18),
    (696, 'Cuconestii Noi', 18),
    (697, 'Cuconestii Vechi', 18),
    (698, 'Fetesti', 18),
    (699, 'Fintina Alba', 18),
    (700, 'Gaspar', 18),
    (701, 'Goleni', 18),
    (702, 'Gordinesti', 18),
    (703, 'Gordinestii Noi', 18),
    (704, 'Hancauti', 18),
    (705, 'Hincauti', 18),
    (706, 'Hlinaia', 18),
    (707, 'Hlinaia Mica', 18),
    (708, 'Iachimeni', 18),
    (709, 'Lopatnic', 18),
    (710, 'Onesti', 18),
    (711, 'Parcova', 18),
    (712, 'Poiana', 18),
    (713, 'Ringaci', 18),
    (714, 'Rotunda', 18),
    (715, 'Ruseni', 18),
    (716, 'Slobodca', 18),
    (717, 'Sofrincani', 18),
    (718, 'Stolniceni', 18),
    (719, 'Terebna', 18),
    (720, 'Tirnova', 18),
    (721, 'Trinca', 18),
    (722, 'Vancicauti', 18),
    (723, 'Viisoara', 18),
    (724, 'Volodeni', 18),
    (725, 'Zabriceni', 18),
    (726, 'Falesti', 19),
    (727, 'Albinetul Nou', 19),
    (728, 'Albinetul Vechi', 19),
    (729, 'Beleuti', 19),
    (730, 'Bocani', 19),
    (731, 'Bocsa', 19),
    (732, 'Burghelea', 19),
    (733, 'Calinesti', 19),
    (734, 'Calugar', 19),
    (735, 'Catranic', 19),
    (736, 'Catranic (Statie de Cale Ferata)', 19),
    (737, 'Chetris', 19),
    (738, 'Chetrisul Nou', 19),
    (739, 'Ciolacu Nou', 19),
    (740, 'Ciolacu Vechi', 19),
    (741, 'Ciuluc', 19),
    (742, 'Comarovca', 19),
    (743, 'Cuzmenii Vechi', 19),
    (744, 'Doltu', 19),
    (745, 'Drujineni', 19),
    (746, 'Egorovca', 19),
    (747, 'Fagadau', 19),
    (748, 'Falestii Noi', 19),
    (749, 'Frumusica', 19),
    (750, 'Glinjeni', 19),
    (751, 'Hiliuti', 19),
    (752, 'Hincesti', 19),
    (753, 'Hirtop', 19),
    (754, 'Hitresti', 19),
    (755, 'Horesti', 19),
    (756, 'Hrubna Noua', 19),
    (757, 'Ilenuta', 19),
    (758, 'Iscalau', 19),
    (759, 'Ivanovca', 19),
    (760, 'Izvoare', 19),
    (761, 'Logofteni', 19),
    (762, 'Lucaceni', 19),
    (763, 'Magura', 19),
    (764, 'Magura Noua', 19),
    (765, 'Magureanca', 19),
    (766, 'Marandeni', 19),
    (767, 'Moldoveanca', 19),
    (768, 'Musteata', 19),
    (769, 'Natalievca', 19),
    (770, 'Navirnet', 19),
    (771, 'Nicolaevca', 19),
    (772, 'Obreja Noua', 19),
    (773, 'Obreja Veche', 19),
    (774, 'Pervomaisc', 19),
    (775, 'Pietrosu', 19),
    (776, 'Pietrosul Nou', 19),
    (777, 'Pinzareni', 19),
    (778, 'Pinzarenii Noi', 19),
    (779, 'Pirlita', 19),
    (780, 'Pocrovca', 19),
    (781, 'Pompa', 19),
    (782, 'Popovca', 19),
    (783, 'Pruteni', 19),
    (784, 'Rautel', 19),
    (785, 'Rautelul Nou', 19),
    (786, 'Rediul de Jos', 19),
    (787, 'Rediul de Sus', 19),
    (788, 'Risipeni', 19),
    (789, 'Sarata Noua', 19),
    (790, 'Sarata Veche', 19),
    (791, 'Scumpia', 19),
    (792, 'Socii Noi', 19),
    (793, 'Socii Vechi', 19),
    (794, 'Soltoaia', 19),
    (795, 'Suvorovca', 19),
    (796, 'Tapoc', 19),
    (797, 'Taxobeni', 19),
    (798, 'Unteni', 19),
    (799, 'Valea Rusului', 19),
    (800, 'Vranesti', 19),
    (801, 'Floresti', 20),
    (802, 'Ghindesti', 20),
    (803, 'Marculesti', 20),
    (804, 'Alexandrovca', 20),
    (805, 'Alexeevca', 20),
    (806, 'Antonovca', 20),
    (807, 'Bahrinesti', 20),
    (808, 'Bezeni', 20),
    (809, 'Bobulesti', 20),
    (810, 'Bursuc', 20),
    (811, 'Capresti', 20),
    (812, 'Casunca', 20),
    (813, 'Cenusa', 20),
    (814, 'Cernita', 20),
    (815, 'Chirilovca', 20),
    (816, 'Ciripcau', 20),
    (817, 'Ciutulesti', 20),
    (818, 'Cosernita', 20),
    (819, 'Cuhurestii de Jos', 20),
    (820, 'Cuhurestii de Sus', 20),
    (821, 'Cunicea', 20),
    (822, 'Domulgeni', 20),
    (823, 'Dumitreni', 20),
    (824, 'Fagadau', 20),
    (825, 'Frumusica', 20),
    (826, 'Frumusica Noua', 20),
    (827, 'Frunzesti', 20),
    (828, 'Ghindesti', 20),
    (829, 'Gura Cainarului', 20),
    (830, 'Gura Camencii', 20),
    (831, 'Gvozdova', 20),
    (832, 'Hirtop', 20),
    (833, 'Iliciovca', 20),
    (834, 'Ion Voda', 20),
    (835, 'Ivanovca', 20),
    (836, 'Izvoare', 20),
    (837, 'Japca', 20),
    (838, 'Lunga', 20),
    (839, 'Maiscoe', 20),
    (840, 'Marculesti', 20),
    (841, 'Marinesti', 20),
    (842, 'Mihailovca', 20),
    (843, 'Napadova', 20),
    (844, 'Nicolaevca', 20),
    (845, 'Nicolaevca', 20),
    (846, 'Octeabriscoe', 20),
    (847, 'Prajila', 20),
    (848, 'Prodanesti', 20),
    (849, 'Prodanestii Vechi', 20),
    (850, 'Putinesti', 20),
    (851, 'Radulenii Noi', 20),
    (852, 'Radulenii Vechi', 20),
    (853, 'Rosietici', 20),
    (854, 'Rosieticii Vechi', 20),
    (855, 'Sanatauca', 20),
    (856, 'Scaieni', 20),
    (857, 'Sevirova', 20),
    (858, 'Sirbesti', 20),
    (859, 'Stefanesti', 20),
    (860, 'Stirceni', 20),
    (861, 'Temeleuti', 20),
    (862, 'Tipordei', 20),
    (863, 'Tira', 20),
    (864, 'Ţîra (Statie de Cale Ferata)', 20),
    (865, 'Tirgul-Vertiujeni', 20),
    (866, 'Trifanesti', 20),
    (867, 'Unchitesti', 20),
    (868, 'Unchitesti (Statie de Cale Ferata)', 20),
    (869, 'Valea Radoaiei', 20),
    (870, 'Varvareuca', 20),
    (871, 'Vascauti', 20),
    (872, 'Vertiujeni', 20),
    (873, 'Zaluceni', 20),
    (874, 'Zarojeni', 20),
    (875, 'Glodeni', 21),
    (876, 'Balatina', 21),
    (877, 'Bisericani', 21),
    (878, 'Brinzeni', 21),
    (879, 'Butesti', 21),
    (880, 'Cajba', 21),
    (881, 'Camenca', 21),
    (882, 'Camencuta', 21),
    (883, 'Ciuciulea', 21),
    (884, 'Clococenii Vechi', 21),
    (885, 'Cobani', 21),
    (886, 'Cot', 21),
    (887, 'Cuhnesti', 21),
    (888, 'Danu', 21),
    (889, 'Dusmani', 21),
    (890, 'Fundurii Noi', 21),
    (891, 'Fundurii Vechi', 21),
    (892, 'Hijdieni', 21),
    (893, 'Iabloana', 21),
    (894, 'Limbenii Noi', 21),
    (895, 'Limbenii Vechi', 21),
    (896, 'Lipovat', 21),
    (897, 'Moara Domneasca', 21),
    (898, 'Molesti', 21),
    (899, 'Movileni', 21),
    (900, 'Nicolaevca', 21),
    (901, 'Petrunea', 21),
    (902, 'Serghieni', 21),
    (903, 'Soroca', 21),
    (904, 'Stircea', 21),
    (905, 'Sturzovca', 21),
    (906, 'Tomestii Noi', 21),
    (907, 'Tomestii Vechi', 21),
    (908, 'Ustia', 21),
    (909, 'Viisoara', 21),
    (910, 'Hincesti', 22),
    (911, 'Anini', 22),
    (912, 'Balceana', 22),
    (913, 'Bobeica', 22),
    (914, 'Boghiceni', 22),
    (915, 'Bozieni', 22),
    (916, 'Bratianovca', 22),
    (917, 'Bujor', 22),
    (918, 'Buteni', 22),
    (919, 'Calmatui', 22),
    (920, 'Caracui', 22),
    (921, 'Carpineanca', 22),
    (922, 'Carpineni', 22),
    (923, 'Cateleni', 22),
    (924, 'Chetroseni', 22),
    (925, 'Cioara', 22),
    (926, 'Ciuciuleni', 22),
    (927, 'Cornesti', 22),
    (928, 'Coroliovca', 22),
    (929, 'Costesti', 22),
    (930, 'Cotul Morii', 22),
    (931, 'Crasnoarmeiscoe', 22),
    (932, 'Dahnovici', 22),
    (933, 'Dancu', 22),
    (934, 'Draguseni', 22),
    (935, 'Dragusenii Noi', 22),
    (936, 'Dubovca', 22),
    (937, 'Feteasca', 22),
    (938, 'Firladeni', 22),
    (939, 'Frasin', 22),
    (940, 'Fundul Galbenei', 22),
    (941, 'Horjesti', 22),
    (942, 'Horodca', 22),
    (943, 'Ivanovca', 22),
    (944, 'Lapusna', 22),
    (945, 'Leuseni', 22),
    (946, 'Loganesti', 22),
    (947, 'Marchet', 22),
    (948, 'Mereseni', 22),
    (949, 'Mingir', 22),
    (950, 'Miresti', 22),
    (951, 'Negrea', 22),
    (952, 'Nemteni', 22),
    (953, 'Obileni', 22),
    (954, 'Onesti', 22),
    (955, 'Pascani', 22),
    (956, 'Pereni', 22),
    (957, 'Pervomaiscoe', 22),
    (958, 'Poganesti', 22),
    (959, 'Rusca', 22),
    (960, 'Sarata-Galbena', 22),
    (961, 'Sarata-Mereseni', 22),
    (962, 'Sarateni', 22),
    (963, 'Secareni', 22),
    (964, 'Secarenii Noi', 22),
    (965, 'Semionovca', 22),
    (966, 'Sipoteni', 22),
    (967, 'Sofia', 22),
    (968, 'Stolniceni', 22),
    (969, 'Strimbeni', 22),
    (970, 'Talaiesti', 22),
    (971, 'Valea Florii', 22),
    (972, 'Voinescu', 22),
    (973, 'Ialoveni', 23),
    (974, 'Alexandrovca', 23),
    (975, 'Baltati', 23),
    (976, 'Bardar', 23),
    (977, 'Budai', 23),
    (978, 'Carbuna', 23),
    (979, 'Cigirleni', 23),
    (980, 'Costesti', 23),
    (981, 'Danceni', 23),
    (982, 'Gangura', 23),
    (983, 'Gaureni', 23),
    (984, 'Hansca', 23),
    (985, 'Homuteanovca', 23),
    (986, 'Horesti', 23),
    (987, 'Horodca', 23),
    (988, 'Malcoci', 23),
    (989, 'Milestii Mici', 23),
    (990, 'Milestii Noi', 23),
    (991, 'Misovca', 23),
    (992, 'Molesti', 23),
    (993, 'Nimoreni', 23),
    (994, 'Piatra Alba', 23),
    (995, 'Pojareni', 23),
    (996, 'Puhoi', 23),
    (997, 'Razeni', 23),
    (998, 'Rusestii Noi', 23),
    (999, 'Rusestii Vechi', 23),
    (1000, 'Sociteni', 23);

INSERT INTO Localitati (LocalitateID, DenumireLocalitate, RaionID) VALUES
    (1001, 'Suruceni', 23),
    (1002, 'Tipala', 23),
    (1003, 'Ulmu', 23),
    (1004, 'Varatic', 23),
    (1005, 'Vasieni', 23),
    (1006, 'Zimbreni', 23),
    (1007, 'Iargara', 24),
    (1008, 'Leova', 24),
    (1009, 'Baius', 24),
    (1010, 'Bestemac', 24),
    (1011, 'Borogani', 24),
    (1012, 'Bulgarica', 24),
    (1013, 'Cazangic', 24),
    (1014, 'Ceadir', 24),
    (1015, 'Cimpul Drept', 24),
    (1016, 'Cizlar', 24),
    (1017, 'Cneazevca', 24),
    (1018, 'Cociulia Noua', 24),
    (1019, 'Colibabovca', 24),
    (1020, 'Covurlui', 24),
    (1021, 'Cupcui', 24),
    (1022, 'Cuporani', 24),
    (1023, 'Filipeni', 24),
    (1024, 'Frumusica', 24),
    (1025, 'Hanasenii Noi', 24),
    (1026, 'Hirtop', 24),
    (1027, 'Meseni', 24),
    (1028, 'Nicolaevca', 24),
    (1029, 'Orac', 24),
    (1030, 'Pitesti', 24),
    (1031, 'Romanovca', 24),
    (1032, 'Sarata Noua', 24),
    (1033, 'Sarata-Razesi', 24),
    (1034, 'Sarateni', 24),
    (1035, 'Saratica Noua', 24),
    (1036, 'Saratica Veche', 24),
    (1037, 'Seliste', 24),
    (1038, 'Sirma', 24),
    (1039, 'Tigheci', 24),
    (1040, 'Tochile-Raducani', 24),
    (1041, 'Tomai', 24),
    (1042, 'Tomaiul Nou', 24),
    (1043, 'Troian', 24),
    (1044, 'Troita', 24),
    (1045, 'Victoria', 24),
    (1046, 'Vozneseni', 24),
    (1047, 'Nisporeni', 25),
    (1048, 'Bacseni', 25),
    (1049, 'Balanesti', 25),
    (1050, 'Balauresti', 25),
    (1051, 'Barboieni', 25),
    (1052, 'Bolduresti', 25),
    (1053, 'Boltun', 25),
    (1054, 'Bratuleni', 25),
    (1055, 'Bursuc', 25),
    (1056, 'Calimanesti', 25),
    (1057, 'Chilisoaia', 25),
    (1058, 'Cioresti', 25),
    (1059, 'Cirnesti', 25),
    (1060, 'Ciutesti', 25),
    (1061, 'Cristesti', 25),
    (1062, 'Drojdieni', 25),
    (1063, 'Gaureni', 25),
    (1064, 'Grozesti', 25),
    (1065, 'Helesteni', 25),
    (1066, 'Isaicani', 25),
    (1067, 'Iurceni', 25),
    (1068, 'Luminita', 25),
    (1069, 'Marinici', 25),
    (1070, 'Milesti', 25),
    (1071, 'Mirzoaia', 25),
    (1072, 'Odaia', 25),
    (1073, 'Odobesti', 25),
    (1074, 'Paruceni', 25),
    (1075, 'Seliste', 25),
    (1076, 'Selisteni', 25),
    (1077, 'Sendreni', 25),
    (1078, 'Siscani', 25),
    (1079, 'Soltanesti', 25),
    (1080, 'Valea Nirnovei', 25),
    (1081, 'Valea-Trestieni', 25),
    (1082, 'Varzaresti', 25),
    (1083, 'Vinatori', 25),
    (1084, 'Vulcanesti', 25),
    (1085, 'Zberoaia', 25),
    (1086, 'Frunza', 26),
    (1087, 'Ocnita', 26),
    (1088, 'Otaci', 26),
    (1089, 'Berezovca', 26),
    (1090, 'Birladeni', 26),
    (1091, 'Birnova', 26),
    (1092, 'Calaraseuca', 26),
    (1093, 'Clocusna', 26),
    (1094, 'Codreni', 26),
    (1095, 'Corestauti', 26),
    (1096, 'Dingeni', 26),
    (1097, 'Girbova', 26),
    (1098, 'Grinauti', 26),
    (1099, 'Grinauti', 26),
    (1100, 'Grinauti-Moldova', 26),
    (1101, 'Grinauti-Raia', 26),
    (1102, 'Hadarauti', 26),
    (1103, 'Lencauti', 26),
    (1104, 'Lipnic', 26),
    (1105, 'Maiovca', 26),
    (1106, 'Mereseuca', 26),
    (1107, 'Mihalaseni', 26),
    (1108, 'Naslavcea', 26),
    (1109, 'Ocnita', 26),
    (1110, 'Paladea', 26),
    (1111, 'Paustova', 26),
    (1112, 'Rediul Mare', 26),
    (1113, 'Rujnita', 26),
    (1114, 'Sauca', 26),
    (1115, 'Stalinesti', 26),
    (1116, 'Unguri', 26),
    (1117, 'Valcinet', 26),
    (1118, 'Verejeni', 26),
    (1119, 'Orhei', 27),
    (1120, 'Andreevca', 27),
    (1121, 'Berezlogi', 27),
    (1122, 'Biesti', 27),
    (1123, 'Bolohan', 27),
    (1124, 'Branesti', 27),
    (1125, 'Braviceni', 27),
    (1126, 'Breanova', 27),
    (1127, 'Budai', 27),
    (1128, 'Bulaiesti', 27),
    (1129, 'Butuceni', 27),
    (1130, 'Camencea', 27),
    (1131, 'Chiperceni', 27),
    (1132, 'Cihoreni', 27),
    (1133, 'Ciocilteni', 27),
    (1134, 'Cismea', 27),
    (1135, 'Clisova', 27),
    (1136, 'Clisova Noua', 27),
    (1137, 'Crihana', 27),
    (1138, 'Cucuruzeni', 27),
    (1139, 'Cucuruzenii de Sus', 27),
    (1140, 'Curchi', 27),
    (1141, 'Discova', 27),
    (1142, 'Donici', 27),
    (1143, 'Fedoreuca', 27),
    (1144, 'Furceni', 27),
    (1145, 'Ghetlova', 27),
    (1146, 'Hijdieni', 27),
    (1147, 'Hulboaca', 27),
    (1148, 'Inculet', 27),
    (1149, 'Isacova', 27),
    (1150, 'Ivancea', 27),
    (1151, 'Izvoare', 27),
    (1152, 'Jeloboc', 27),
    (1153, 'Jora de Jos', 27),
    (1154, 'Jora de Mijloc', 27),
    (1155, 'Jora de Sus', 27),
    (1156, 'Lopatna', 27),
    (1157, 'Lucaseuca', 27),
    (1158, 'Malaiesti', 27),
    (1159, 'Mana', 27),
    (1160, 'Mirzaci', 27),
    (1161, 'Mirzesti', 27),
    (1162, 'Mitoc', 27),
    (1163, 'Morovaia', 27),
    (1164, 'Morozeni', 27),
    (1165, 'Neculaieuca', 27),
    (1166, 'Noroceni', 27),
    (1167, 'Ocnita-Razesi', 27),
    (1168, 'Ocnita-Tarani', 27),
    (1169, 'Pelivan', 27),
    (1170, 'Peresecina', 27),
    (1171, 'Piatra', 27),
    (1172, 'Pocsesti', 27),
    (1173, 'Podgoreni', 27),
    (1174, 'Pohorniceni', 27),
    (1175, 'Pohrebeni', 27),
    (1176, 'Putintei', 27),
    (1177, 'Samananca', 27),
    (1178, 'Seliste', 27),
    (1179, 'Sercani', 27),
    (1180, 'Sirota', 27),
    (1181, 'Slobozia-Hodorogea', 27),
    (1182, 'Step-Soci', 27),
    (1183, 'Susleni', 27),
    (1184, 'Tabara', 27),
    (1185, 'Teleseu', 27),
    (1186, 'Tirzieni', 27),
    (1187, 'Trebujeni', 27),
    (1188, 'Vatici', 27),
    (1189, 'Viprova', 27),
    (1190, 'Viscauti', 27),
    (1191, 'Vorotet', 27),
    (1192, 'Zahoreni', 27),
    (1193, 'Zorile', 27),
    (1194, 'Rezina', 28),
    (1195, 'Bosernita', 28),
    (1196, 'Buciusca', 28),
    (1197, 'Busauca', 28),
    (1198, 'Ciniseuti', 28),
    (1199, 'Ciorna', 28),
    (1200, 'Cogilniceni', 28),
    (1201, 'Cuizauca', 28),
    (1202, 'Echimauti', 28),
    (1203, 'Ghiduleni', 28),
    (1204, 'Gordinesti', 28),
    (1205, 'Horodiste', 28),
    (1206, 'Ignatei', 28),
    (1207, 'Lalova', 28),
    (1208, 'Lipceni', 28),
    (1209, 'Mateuti', 28),
    (1210, 'Meseni', 28),
    (1211, 'Mincenii de Jos', 28),
    (1212, 'Mincenii de Sus', 28),
    (1213, 'Nistreni', 28),
    (1214, 'Otac', 28),
    (1215, 'Papauti', 28),
    (1216, 'Peciste', 28),
    (1217, 'Pereni', 28),
    (1218, 'Piscaresti', 28),
    (1219, 'Pripiceni-Curchi', 28),
    (1220, 'Pripiceni-Razesi', 28),
    (1221, 'Roscani', 28),
    (1222, 'Roscanii de Jos', 28),
    (1223, 'Roscanii de Sus', 28),
    (1224, 'Saharna', 28),
    (1225, 'Saharna Noua', 28),
    (1226, 'Sircova', 28),
    (1227, 'Slobozia-Horodiste', 28),
    (1228, 'Solonceni', 28),
    (1229, 'Stohnaia', 28),
    (1230, 'Tahnauti', 28),
    (1231, 'Tarasova', 28),
    (1232, 'Tareuca', 28),
    (1233, 'Tipova', 28),
    (1234, 'Trifesti', 28),
    (1235, 'Costesti', 29),
    (1236, 'Riscani', 29),
    (1237, 'Alexandresti', 29),
    (1238, 'Alunis', 29),
    (1239, 'Armanca', 29),
    (1240, 'Avrameni', 29),
    (1241, 'Balanul Nou', 29),
    (1242, 'Borosenii Noi', 29),
    (1243, 'Braniste', 29),
    (1244, 'Bulhac', 29),
    (1245, 'Ceparia', 29),
    (1246, 'Ciobanovca', 29),
    (1247, 'Ciubara', 29),
    (1248, 'Corlateni', 29),
    (1249, 'Cucuietii Noi', 29),
    (1250, 'Cucuietii Vechi', 29),
    (1251, 'Damascani', 29),
    (1252, 'Druta', 29),
    (1253, 'Dumeni', 29),
    (1254, 'Duruitoarea', 29),
    (1255, 'Duruitoarea Noua', 29),
    (1256, 'Galaseni', 29),
    (1257, 'Grinauti', 29),
    (1258, 'Hiliuti', 29),
    (1259, 'Horodiste', 29),
    (1260, 'Ivanesti', 29),
    (1261, 'Luparia', 29),
    (1262, 'Malaiesti', 29),
    (1263, 'Malinovscoe', 29),
    (1264, 'Mihaileni', 29),
    (1265, 'Mihailenii Noi', 29),
    (1266, 'Moseni', 29),
    (1267, 'Nihoreni', 29),
    (1268, 'Pascauti', 29),
    (1269, 'Petruseni', 29),
    (1270, 'Pirjota', 29),
    (1271, 'Pociumbauti', 29),
    (1272, 'Pociumbeni', 29),
    (1273, 'Proscureni', 29),
    (1274, 'Racaria', 29),
    (1275, 'Ramazan', 29),
    (1276, 'Recea', 29),
    (1277, 'Reteni', 29),
    (1278, 'Reteni-Vasileuti', 29),
    (1279, 'Saptebani', 29),
    (1280, 'Singureni', 29),
    (1281, 'Slobozia-Recea', 29),
    (1282, 'Stiubeieni', 29),
    (1283, 'Sturzeni', 29),
    (1284, 'Sumna', 29),
    (1285, 'Sverdiac', 29),
    (1286, 'Usurei', 29),
    (1287, 'Varatic', 29),
    (1288, 'Vasileuti', 29),
    (1289, 'Zaicani', 29),
    (1290, 'Biruinta', 30),
    (1291, 'Singerei', 30),
    (1292, 'Alexandreni', 30),
    (1293, 'Alexeuca', 30),
    (1294, 'Antonovca', 30),
    (1295, 'Balasesti', 30),
    (1296, 'Bilicenii Noi', 30),
    (1297, 'Bilicenii Vechi', 30),
    (1298, 'Bobletici', 30),
    (1299, 'Bocancea-Schit', 30),
    (1300, 'Brejeni', 30),
    (1301, 'Bursuceni', 30),
    (1302, 'Chirileni', 30),
    (1303, 'Chiscareni', 30),
    (1304, 'Ciuciuieni', 30),
    (1305, 'Cliscauti', 30),
    (1306, 'Coada Iazului', 30),
    (1307, 'Copaceni', 30),
    (1308, 'Coscodeni', 30),
    (1309, 'Cotiujenii Mici', 30),
    (1310, 'Cotovca', 30),
    (1311, 'Cozesti', 30),
    (1312, 'Cubolta', 30),
    (1313, 'Dobrogea Noua', 30),
    (1314, 'Dobrogea Veche', 30),
    (1315, 'Draganesti', 30),
    (1316, 'Dumbravita', 30),
    (1317, 'Evghenievca', 30),
    (1318, 'Flaminzeni', 30),
    (1319, 'Gavrilovca', 30),
    (1320, 'Grigorauca', 30),
    (1321, 'Grigoresti', 30),
    (1322, 'Gura-Oituz', 30),
    (1323, 'Heciul Nou', 30),
    (1324, 'Heciul Vechi', 30),
    (1325, 'Iezarenii Noi', 30),
    (1326, 'Iezarenii Vechi', 30),
    (1327, 'Izvoare', 30),
    (1328, 'Lipovanca', 30),
    (1329, 'Marasesti', 30),
    (1330, 'Marinesti', 30),
    (1331, 'Mihailovca', 30),
    (1332, 'Mindrestii Noi', 30),
    (1333, 'Nicolaevca', 30),
    (1334, 'Octeabriscoe', 30),
    (1335, 'Palaria', 30),
    (1336, 'Pepeni', 30),
    (1337, 'Pepenii Noi', 30),
    (1338, 'Petropavlovca', 30),
    (1339, 'Petrovca', 30),
    (1340, 'Prepelita', 30),
    (1341, 'Radoaia', 30),
    (1342, 'Razalai', 30),
    (1343, 'Romanovca', 30),
    (1344, 'Sacarovca', 30),
    (1345, 'Sestaci', 30),
    (1346, 'Singereii Noi', 30),
    (1347, 'Slobozia-Chiscareni', 30),
    (1348, 'Slobozia-Magura', 30),
    (1349, 'Sloveanca', 30),
    (1350, 'Tambula', 30),
    (1351, 'Taura Noua', 30),
    (1352, 'Taura Veche', 30),
    (1353, 'Tiplesti', 30),
    (1354, 'Tipletesti', 30),
    (1355, 'Trifanesti', 30),
    (1356, 'Valea lui Vlad', 30),
    (1357, 'Valea Norocului', 30),
    (1358, 'Vladimireuca', 30),
    (1359, 'Vranesti', 30),
    (1360, 'Soldanesti', 31),
    (1361, 'Alcedar', 31),
    (1362, 'Chipesca', 31),
    (1363, 'Climautii de Jos', 31),
    (1364, 'Cobilea', 31),
    (1365, 'Cobilea (Statie de Cale Ferata)', 31),
    (1366, 'Cot', 31),
    (1367, 'Cotiujenii Mari', 31),
    (1368, 'Curatura', 31),
    (1369, 'Cuselauca', 31),
    (1370, 'Cusmirca', 31),
    (1371, 'Dobrusa', 31),
    (1372, 'Fuzauca', 31),
    (1373, 'Gauzeni', 31),
    (1374, 'Glinjeni', 31),
    (1375, 'Lelina', 31),
    (1376, 'Mihuleni', 31),
    (1377, 'Odaia', 31),
    (1378, 'Oliscani', 31),
    (1379, 'Parcani', 31),
    (1380, 'Pohoarna', 31),
    (1381, 'Poiana', 31),
    (1382, 'Raspopeni', 31),
    (1383, 'Recesti', 31),
    (1384, 'Rogojeni', 31),
    (1385, 'Rogojeni (Statie de Cale Ferata)', 31),
    (1386, 'Salcia', 31),
    (1387, 'Samascani', 31),
    (1388, 'Sestaci', 31),
    (1389, 'Sipca', 31),
    (1390, 'Socola', 31),
    (1391, 'Vadul-Rascov', 31),
    (1392, 'Zahorna', 31),
    (1393, 'Soroca', 32),
    (1394, 'Alexandru cel Bun', 32),
    (1395, 'Badiceni', 32),
    (1396, 'Balinti', 32),
    (1397, 'Balintii Noi', 32),
    (1398, 'Baxani', 32),
    (1399, 'Bulboci', 32),
    (1400, 'Bulbocii Noi', 32),
    (1401, 'Cainarii Vechi', 32),
    (1402, 'Cerlina', 32),
    (1403, 'Cosauti', 32),
    (1404, 'Cremenciug', 32),
    (1405, 'Curesnita', 32),
    (1406, 'Curesnita Noua', 32),
    (1407, 'Darcauti', 32),
    (1408, 'Darcautii Noi', 32),
    (1409, 'Decebal', 32),
    (1410, 'Dubna', 32),
    (1411, 'Dumbraveni', 32),
    (1412, 'Egoreni', 32),
    (1413, 'Floriceni', 32),
    (1414, 'Grigorauca', 32),
    (1415, 'Holosnita', 32),
    (1416, 'Hristici', 32),
    (1417, 'Iarova', 32),
    (1418, 'Inundeni', 32),
    (1419, 'Iorjnita', 32),
    (1420, 'Livezi', 32),
    (1421, 'Lugovoe', 32),
    (1422, 'Malcauti', 32),
    (1423, 'Nimereuca', 32),
    (1424, 'Niorcani', 32),
    (1425, 'Oclanda', 32),
    (1426, 'Ocolina', 32),
    (1427, 'Parcani', 32),
    (1428, 'Pirlita', 32),
    (1429, 'Racovat', 32),
    (1430, 'Redi-Ceresnovat', 32),
    (1431, 'Regina Maria', 32),
    (1432, 'Rublenita', 32),
    (1433, 'Rublenita Noua', 32),
    (1434, 'Rudi', 32),
    (1435, 'Ruslanovca', 32),
    (1436, 'Schineni', 32),
    (1437, 'Schinenii Noi', 32),
    (1438, 'Septelici', 32),
    (1439, 'Slobozia Noua', 32),
    (1440, 'Slobozia-Cremene', 32),
    (1441, 'Slobozia-Varancau', 32),
    (1442, 'Sobari', 32),
    (1443, 'Solcani', 32),
    (1444, 'Solonet', 32),
    (1445, 'Stoicani', 32),
    (1446, 'Tatarauca Noua', 32),
    (1447, 'Tatarauca Veche', 32),
    (1448, 'Tepilova', 32),
    (1449, 'Tolocanesti', 32),
    (1450, 'Trifauti', 32),
    (1451, 'Vadeni', 32),
    (1452, 'Valea', 32),
    (1453, 'Vantina', 32),
    (1454, 'Vantina Mica', 32),
    (1455, 'Varancau', 32),
    (1456, 'Vasilcau', 32),
    (1457, 'Visoca', 32),
    (1458, 'Voloave', 32),
    (1459, 'Volovita', 32),
    (1460, 'Zastinca', 32),
    (1461, 'Stefan Voda', 33),
    (1462, 'Alava', 33),
    (1463, 'Antonesti', 33),
    (1464, 'Brezoaia', 33),
    (1465, 'Caplani', 33),
    (1466, 'Carahasani', 33),
    (1467, 'Cioburciu', 33),
    (1468, 'Copceac', 33),
    (1469, 'Crocmaz', 33),
    (1470, 'Ermoclia', 33),
    (1471, 'Festelita', 33),
    (1472, 'Lazo', 33),
    (1473, 'Marianca de Jos', 33),
    (1474, 'Olanesti', 33),
    (1475, 'Palanca', 33),
    (1476, 'Popeasca', 33),
    (1477, 'Purcari', 33),
    (1478, 'Rascaieti', 33),
    (1479, 'Rascaietii Noi', 33),
    (1480, 'Semionovca', 33),
    (1481, 'Slobozia', 33),
    (1482, 'Stefanesti', 33),
    (1483, 'Talmaza', 33),
    (1484, 'Tudora', 33),
    (1485, 'Viisoara', 33),
    (1486, 'Volintiri', 33),
    (1487, 'Bucovat', 34),
    (1488, 'Straseni', 34),
    (1489, 'Capriana', 34),
    (1490, 'Chirianca', 34),
    (1491, 'Ciobanca', 34),
    (1492, 'Codreanca', 34),
    (1493, 'Cojusna', 34),
    (1494, 'Dolna', 34),
    (1495, 'Draguseni', 34),
    (1496, 'Fagureni', 34),
    (1497, 'Galesti', 34),
    (1498, 'Galestii Noi', 34),
    (1499, 'Ghelauza', 34),
    (1500, 'Gornoe', 34),
    (1501, 'Greblesti', 34),
    (1502, 'Huzun', 34),
    (1503, 'Lozova', 34),
    (1504, 'Lupa-Recea', 34),
    (1505, 'Martinesti', 34),
    (1506, 'Micauti', 34),
    (1507, 'Micleuseni', 34),
    (1508, 'Negresti', 34),
    (1509, 'Onesti', 34),
    (1510, 'Panasesti', 34),
    (1511, 'Radeni', 34),
    (1512, 'Rassvet', 34),
    (1513, 'Recea', 34),
    (1514, 'Romanesti', 34),
    (1515, 'Roscani', 34),
    (1516, 'Saca', 34),
    (1517, 'Scoreni', 34),
    (1518, 'Sireti', 34),
    (1519, 'Stejareni', 34),
    (1520, 'Tataresti', 34),
    (1521, 'Tiganesti', 34),
    (1522, 'Voinova', 34),
    (1523, 'Vorniceni', 34),
    (1524, 'Zamciogi', 34),
    (1525, 'Zubresti', 34),
    (1526, 'Taraclia', 35),
    (1527, 'Albota de Jos', 35),
    (1528, 'Albota de Sus', 35),
    (1529, 'Aluatu', 35),
    (1530, 'Balabanu', 35),
    (1531, 'Budai', 35),
    (1532, 'Cairaclia', 35),
    (1533, 'Cealic', 35),
    (1534, 'Chirilovca', 35),
    (1535, 'Ciumai', 35),
    (1536, 'Corten', 35),
    (1537, 'Cortenul Nou', 35),
    (1538, 'Dermengi', 35),
    (1539, 'Hagichioi', 35),
    (1540, 'Hirtop', 35),
    (1541, 'Mirnoe', 35),
    (1542, 'Musaitu', 35),
    (1543, 'Novosiolovca', 35),
    (1544, 'Orehovca', 35),
    (1545, 'Rosita', 35),
    (1546, 'Salcia', 35),
    (1547, 'Samurza', 35),
    (1548, 'Sofievca', 35),
    (1549, 'Tvardita', 35),
    (1550, 'Valea Perjei', 35),
    (1551, 'Vinogradovca', 35),
    (1552, 'Telenesti', 36),
    (1553, 'Banesti', 36),
    (1554, 'Banestii Noi', 36),
    (1555, 'Bogzesti', 36),
    (1556, 'Bondareuca', 36),
    (1557, 'Brinzenii Noi', 36),
    (1558, 'Brinzenii Vechi', 36),
    (1559, 'Budai', 36),
    (1560, 'Cazanesti', 36),
    (1561, 'Chersac', 36),
    (1562, 'Chistelnita', 36),
    (1563, 'Chitcanii Noi', 36),
    (1564, 'Chitcanii Vechi', 36),
    (1565, 'Ciofu', 36),
    (1566, 'Cisla', 36),
    (1567, 'Ciulucani', 36),
    (1568, 'Codru', 36),
    (1569, 'Codrul Nou', 36),
    (1570, 'Coropceni', 36),
    (1571, 'Crasnaseni', 36),
    (1572, 'Cucioaia', 36),
    (1573, 'Cucioaia Noua', 36),
    (1574, 'Dobrusa', 36),
    (1575, 'Flutura', 36),
    (1576, 'Ghermanesti', 36),
    (1577, 'Ghiliceni', 36),
    (1578, 'Hiriseni', 36),
    (1579, 'Hirtop', 36),
    (1580, 'Inesti', 36),
    (1581, 'Leuseni', 36),
    (1582, 'Mihalasa', 36),
    (1583, 'Mihalasa Noua', 36),
    (1584, 'Mindra', 36),
    (1585, 'Mindresti', 36),
    (1586, 'Negureni', 36),
    (1587, 'Nucareni', 36),
    (1588, 'Ordasei', 36),
    (1589, 'Pistruieni', 36),
    (1590, 'Pistruienii Noi', 36),
    (1591, 'Ratus', 36),
    (1592, 'Saratenii Noi', 36),
    (1593, 'Saratenii Vechi', 36),
    (1594, 'Scorteni', 36),
    (1595, 'Suhuluceni', 36),
    (1596, 'Tintareni', 36),
    (1597, 'Tirsitei', 36),
    (1598, 'Vadul-Leca', 36),
    (1599, 'Vadul-Leca Nou', 36),
    (1600, 'Vasieni', 36),
    (1601, 'Verejeni', 36),
    (1602, 'Zahareuca', 36),
    (1603, 'Zaicani', 36),
    (1604, 'Zaicanii Noi', 36),
    (1605, 'Zgardesti', 36),
    (1606, 'Cornesti', 37),
    (1607, 'Ungheni', 37),
    (1608, 'Agronomovca', 37),
    (1609, 'Alexeevca', 37),
    (1610, 'Blindesti', 37),
    (1611, 'Boghenii Noi', 37),
    (1612, 'Boghenii Vechi', 37),
    (1613, 'Buciumeni', 37),
    (1614, 'Buciumeni (Statie de Cale Ferata)', 37),
    (1615, 'Bulhac', 37),
    (1616, 'Bumbata', 37),
    (1617, 'Busila', 37),
    (1618, 'Buzduganii de Jos', 37),
    (1619, 'Buzduganii de Sus', 37),
    (1620, 'Cetireni', 37),
    (1621, 'Chirileni', 37),
    (1622, 'Cioropcani', 37),
    (1623, 'Condratesti', 37),
    (1624, 'Cornesti', 37),
    (1625, 'Cornova', 37),
    (1626, 'Coseni', 37),
    (1627, 'Costuleni', 37),
    (1628, 'Curtoaia', 37),
    (1629, 'Drujba', 37),
    (1630, 'Elizavetovca', 37),
    (1631, 'Floreni', 37),
    (1632, 'Floresti', 37),
    (1633, 'Floritoaia Noua', 37),
    (1634, 'Floritoaia Veche', 37),
    (1635, 'Frasineti', 37),
    (1636, 'Gherman', 37),
    (1637, 'Graseni', 37),
    (1638, 'Grozasca', 37),
    (1639, 'Hircesti', 37),
    (1640, 'Hristoforovca', 37),
    (1641, 'Izvoreni', 37),
    (1642, 'Leordoaia', 37),
    (1643, 'Lidovca', 37),
    (1644, 'Macaresti', 37),
    (1645, 'Magurele', 37),
    (1646, 'Manoilesti', 37),
    (1647, 'Medeleni', 37),
    (1648, 'Minzatesti', 37),
    (1649, 'Mircesti', 37),
    (1650, 'Morenii Noi', 37),
    (1651, 'Morenii Vechi', 37),
    (1652, 'Napadeni', 37),
    (1653, 'Negurenii Noi', 37),
    (1654, 'Negurenii Vechi', 37),
    (1655, 'Novaia Nicolaevca', 37),
    (1656, 'Petresti', 37),
    (1657, 'Petresti (Statie de Cale Ferata)', 37),
    (1658, 'Pirlita', 37),
    (1659, 'Poiana', 37),
    (1660, 'Pojarna', 37),
    (1661, 'Radenii Vechi', 37),
    (1662, 'Rezina', 37),
    (1663, 'Romanovca', 37),
    (1664, 'Saghieni', 37),
    (1665, 'Sculeni', 37),
    (1666, 'Semeni', 37),
    (1667, 'Sicovat', 37),
    (1668, 'Sinesti', 37),
    (1669, 'Stolniceni', 37),
    (1670, 'Tescureni', 37),
    (1671, 'Tighira', 37),
    (1672, 'Todiresti', 37),
    (1673, 'Untesti', 37),
    (1674, 'Valea Mare', 37),
    (1675, 'Veverita', 37),
    (1676, 'Vulpesti', 37),
    (1677, 'Zagarancea', 37),
    (1678, 'Zazulenii Noi', 37),
    (1679, 'Zazulenii Vechi', 37);

INSERT INTO Institutii (InstitutieID, DenumireInstitutie, TipInstitutie, Email, Website, DirectorInstitutie, LocalitateID) VALUES
    (1, 'Liceul Academiei de Ştiinţe a Moldovei', 'Publică', 'liceulacademieidestiinteamoldovei@gmail.com', 'www.liceulacademieidestiinteamoldovei.md', 'Maria Lazăr', 1),
    (2, 'Liceul de Creativitate şi Inventică "Prometeu-Prim"', 'Privată', 'liceuldecreativitatesiinventicaprometeu-prim@gmail.com', 'www.liceuldecreativitatesiinventicaprometeu-prim.md', 'Dumitru Moraru', 1),
    (3, 'Instituţia Publică Liceul Teoretic "Mircea Eliade"', 'Publică', 'liceulteoreticmirceaeliade@gmail.com', 'www.liceulteoreticmirceaeliade.md', 'Margareta Botnaru', 1),
    (4, 'Liceul Teoretic "Alexandru cel Bun"', 'Publică', 'liceulteoreticalexandrucelbun@gmail.com', 'www.liceulteoreticalexandrucelbun.md', 'Elena Rotaru', 218),
    (5, 'Liceul Teoretic "Evrika"', 'Publică', 'liceulteoreticevrika@gmail.com', 'www.liceulteoreticevrika.md', 'Dumitru Drăghici', 79),
    (6, 'Liceul Teoretic "Mihai Eminescu"', 'Publică', 'liceulteoreticmihaieminescu@gmail.com', 'www.liceulteoreticmihaieminescu.md', 'Margareta Ciobanu', 1),
    (7, 'Liceul Teoretic "Lucian Blaga"', 'Publică', 'liceulteoreticlucianblaga@gmail.com', 'www.liceulteoreticlucianblaga.md', 'Margareta Macovei', 79),
    (8, 'Instituţia de Învăţământ Liceul Teoretic "Elimul Nou"', 'Privată', 'liceulteoreticelimulnou@gmail.com', 'www.liceulteoreticelimulnou.md', 'Adrian Dănilă', 1),
    (9, 'Liceul Teoretic "Alecu Russo"', 'Publică', 'liceulteoreticalecurusso@gmail.com', 'www.liceulteoreticalecurusso.md', 'Maria Grosu', 1),
    (10, 'Liceul "Evrica"', 'Privată', 'liceulevrica@gmail.com', 'www.liceulevrica.md', 'Alina Cucu', 1),
    (11, 'Liceul de Limbi Moderne şi Management', 'Privată', 'liceuldelimbimodernesimanagement@gmail.com', 'www.liceuldelimbimodernesimanagement.md', 'Andrei Grosu', 1),
    (12, 'Liceul "Columna"', 'Privată', 'liceulcolumna@gmail.com', 'www.liceulcolumna.md', 'Vasile Balan', 1),
    (13, 'Liceul Teoretic "Aurel David"', 'Publică', 'liceulteoreticaureldavid@gmail.com', 'www.liceulteoreticaureldavid.md', 'Victor Catan', 976),
    (14, 'Liceul Teoretic "Dragoş Vodă"', 'Publică', 'liceulteoreticdragosvoda@gmail.com', 'www.liceulteoreticdragosvoda.md', 'Alexandru Lazăr', 31),
    (15, 'Seminarul Teologic Liceal de Fete', 'Publică', 'seminarulteologiclicealdefete@gmail.com', 'www.seminarulteologiclicealdefete.md', 'Gheorghe Hâncu', 678),
    (16, 'Liceul Teoretic "N.V.Gogol"', 'Publică', 'liceulteoreticnvgogol@gmail.com', 'www.liceulteoreticnvgogol.md', 'Eugen Rusu', 1),
    (17, 'Instituţia Publică Liceul Teoretic "Alexandr Puşkin"', 'Publică', 'liceulteoreticalexandrpuskin@gmail.com', 'www.liceulteoreticalexandrpuskin.md', 'Vera Oncea', 1),
    (18, 'Liceul Teoretic "Dimitrie Cantemir"', 'Publică', 'liceulteoreticdimitriecantemir@gmail.com', 'www.liceulteoreticdimitriecantemir.md', 'Liuba Ciobanu', 1),
    (19, 'Liceul Teoretic "Ion Creangă"', 'Publică', 'liceulteoreticioncreanga@gmail.com', 'www.liceulteoreticioncreanga.md', 'Elena Pavel', 1),
    (20, 'Instituţia Publică Liceul Teoretic "Spiru Haret"', 'Publică', 'liceulteoreticspiruharet@gmail.com', 'www.liceulteoreticspiruharet.md', 'Vladislav Botnaru', 1),
    (21, 'Liceul Teoretic "M.Eminescu"', 'Publică', 'liceulteoreticmeminescu@gmail.com', 'www.liceulteoreticmeminescu.md', 'Irina Balan', 36),
    (22, 'Liceul Teoretic "Dante Alighieri"', 'Publică', 'liceulteoreticdantealighieri@gmail.com', 'www.liceulteoreticdantealighieri.md', 'Victor Sturza', 1),
    (23, 'Instituţia Publică Liceul Teoretic "Principesa Natalia Dadiani"', 'Publică', 'liceulteoreticprincipesanataliadadiani@gmail.com', 'www.liceulteoreticprincipesanataliadadiani.md', 'Andrei Pavel', 1),
    (24, 'Liceul Teoretic "M.Eminescu"', 'Publică', 'liceulteoreticmeminescu@gmail.com', 'www.liceulteoreticmeminescu.md', 'Vasile Catan', 465),
    (25, 'Liceul Teoretic "A.Mateevici"', 'Publică', 'liceulteoreticamateevici@gmail.com', 'www.liceulteoreticamateevici.md', 'Margareta Lazăr', 465),
    (26, 'Instituţia Publică Liceul Teoretic "Liviu Rebreanu"', 'Publică', 'liceulteoreticliviurebreanu@gmail.com', 'www.liceulteoreticliviurebreanu.md', 'Petru Balan', 1),
    (27, 'Liceul Teoretic Raional "G.A.Gaidarji"', 'Publică', 'liceulteoreticraionalgagaidarji@gmail.com', 'www.liceulteoreticraionalgagaidarji.md', 'Eugen Munteanu', 40),
    (28, 'Liceul Teoretic "D.Cantemir"', 'Publică', 'liceulteoreticdcantemir@gmail.com', 'www.liceulteoreticdcantemir.md', 'Elena Munteanu', 36),
    (29, 'Instituţia Publică Liceul Teoretic "Petru Movilă"', 'Publică', 'liceulteoreticpetrumovila@gmail.com', 'www.liceulteoreticpetrumovila.md', 'Ludmila Balan', 1),
    (30, 'Liceul "Nicolae Iorga"', 'Publică', 'liceulnicolaeiorga@gmail.com', 'www.liceulnicolaeiorga.md', 'Andrei Hâncu', 1),
    (31, 'Liceul Teoretic "M.Eminescu"', 'Publică', 'liceulteoreticmeminescu@gmail.com', 'www.liceulteoreticmeminescu.md', 'Ludmila Ciobanu', 40),
    (32, 'Instituţia de Învăţămînt Liceul "Litterarum"', 'Privată', 'liceullitterarum@gmail.com', 'www.liceullitterarum.md', 'Cristina Oncea', 1),
    (33, 'Instituţia Privată de Învăţămînt Liceul Teoretic "Orizont"', 'Privată', 'liceulteoreticorizont@gmail.com', 'www.liceulteoreticorizont.md', 'Galina Moraru', 1),
    (34, 'Liceul de Limbi Moderne şi Tehnologii Informaţionale "Socrate"', 'Privată', 'liceuldelimbimodernesitehnologiiinformationalesocrate@gmail.com', 'www.liceuldelimbimodernesitehnologiiinformationalesocrate.md', 'Dumitru Lazăr', 1),
    (35, 'Liceul Teoretic "Gheorghe Asachi"', 'Publică', 'liceulteoreticgheorgheasachi@gmail.com', 'www.liceulteoreticgheorgheasachi.md', 'Svetlana Lazăr', 1),
    (36, 'Liceul-internat Republican de muzică "Serghei Rahmaninov"', 'Publică', 'liceul-internatrepublicandemuzicasergheirahmaninov@gmail.com', 'www.liceul-internatrepublicandemuzicasergheirahmaninov.md', 'Liuba Balan', 1),
    (37, 'Instituţie Publică Liceul Teoretic "Mihai Eminescu"', 'Publică', 'liceulteoreticmihaieminescu@gmail.com', 'www.liceulteoreticmihaieminescu.md', 'Nicolae Drăghici', 220),
    (38, 'Liceul Teoretic "Vasile Alecsandri"', 'Publică', 'liceulteoreticvasilealecsandri@gmail.com', 'www.liceulteoreticvasilealecsandri.md', 'Alexandru Palade', 1607),
    (39, 'Liceul Teoretic Măgdăceşti', 'Publică', 'liceulteoreticmagdacesti@gmail.com', 'www.liceulteoreticmagdacesti.md', 'Mihai Donea', 551),
    (40, 'Liceul Academic de Arte Plastice "Igor Vieru"', 'Publică', 'liceulacademicdearteplasticeigorvieru@gmail.com', 'www.liceulacademicdearteplasticeigorvieru.md', 'Vera Botnaru', 1),
    (41, 'Liceul Teoretic "Gr.Vieru"', 'Publică', 'liceulteoreticgrvieru@gmail.com', 'www.liceulteoreticgrvieru.md', 'Marian Negrescu', 50),
    (42, 'Instituţia Publică Liceul Teoretic "Mihai Corlăteanu"', 'Publică', 'liceulteoreticmihaicorlateanu@gmail.com', 'www.liceulteoreticmihaicorlateanu.md', 'Margareta Palade', 750),
    (43, 'Liceul Teoretic "Nicolae Milescu Spătarul"', 'Publică', 'liceulteoreticnicolaemilescuspatarul@gmail.com', 'www.liceulteoreticnicolaemilescuspatarul.md', 'Irina Pavel', 1),
    (44, 'Liceul Teatral Orăşenesc', 'Publică', 'liceulteatralorasenesc@gmail.com', 'www.liceulteatralorasenesc.md', 'Svetlana Grosu', 1),
    (45, 'Liceul "M. Koţiubinski"', 'Publică', 'liceulmkotiubinski@gmail.com', 'www.liceulmkotiubinski.md', 'Irina Rusu', 1),
    (46, 'Liceul-internat Republican de muzică "Ciprian Porumbescu"', 'Publică', 'liceul-internatrepublicandemuzicaciprianporumbescu@gmail.com', 'www.liceul-internatrepublicandemuzicaciprianporumbescu.md', 'Petru Rotaru', 1),
    (47, 'Instituţia Publică Liceul Teoretic "M.Eminescu"', 'Publică', 'liceulteoreticmeminescu@gmail.com', 'www.liceulteoreticmeminescu.md', 'Svetlana Drăghici', 726),
    (48, 'Instituţia Publică Liceul Teoretic "Boris Cazacu"', 'Publică', 'liceulteoreticboriscazacu@gmail.com', 'www.liceulteoreticboriscazacu.md', 'Nina Hâncu', 1047),
    (49, 'Liceul Teoretic "Pro Succes"', 'Privată', 'liceulteoreticprosucces@gmail.com', 'www.liceulteoreticprosucces.md', 'Vladislav Melnic', 1),
    (50, 'Liceul Teoretic Horeşti', 'Publică', 'liceulteoretichoresti@gmail.com', 'www.liceulteoretichoresti.md', 'Vera Ciobanu', 986),
    (51, 'Instituţie Publică Liceul Teoretic "Dimitrie Cantemir"', 'Publică', 'liceulteoreticdimitriecantemir@gmail.com', 'www.liceulteoreticdimitriecantemir.md', 'Mihai Ungureanu', 678),
    (52, 'Liceul Teoretic cu profil de arte "Mihail Berezovschi"', 'Publică', 'liceulteoreticcuprofildeartemihailberezovschi@gmail.com', 'www.liceulteoreticcuprofildeartemihailberezovschi.md', 'Nina Hâncu', 1),
    (53, 'Instituţia Publică Liceul Teoretic "Alexandru Ioan Cuza"', 'Publică', 'liceulteoreticalexandruioancuza@gmail.com', 'www.liceulteoreticalexandruioancuza.md', 'Tudor Popescu', 1),
    (54, 'Liceul Teoretic "G.Călinescu"', 'Publică', 'liceulteoreticgcalinescu@gmail.com', 'www.liceulteoreticgcalinescu.md', 'Victor Oncea', 1),
    (55, 'Instituţia Privată de Învăţămînt Liceul Teoretic "Orizont"', 'Privată', 'liceulteoreticorizont@gmail.com', 'www.liceulteoreticorizont.md', 'Ana Munteanu', 4),
    (56, 'Liceul Teoretic "Gh. Asachi"', 'Publică', 'liceulteoreticghasachi@gmail.com', 'www.liceulteoreticghasachi.md', 'Adrian Botnaru', 1607),
    (57, 'Liceul Teoretic "Alexei Mateevici"', 'Publică', 'liceulteoreticalexeimateevici@gmail.com', 'www.liceulteoreticalexeimateevici.md', 'Octavian Melnic', 3),
    (58, 'Liceul Teoretic "Ion Creangă"', 'Publică', 'liceulteoreticioncreanga@gmail.com', 'www.liceulteoreticioncreanga.md', 'Eugen Grosu', 801),
    (59, 'Liceul Teoretic "Antioh Cantemir"', 'Publică', 'liceulteoreticantiohcantemir@gmail.com', 'www.liceulteoreticantiohcantemir.md', 'Octavian Ungureanu', 1),
    (60, 'Liceul Tehnologic Resurse Educaţionale şi Trayning Tehnologic (OPT) "Beniamin Zeev Herţli"', 'Privată', 'liceultehnologicresurseeducationalesitrayningtehnologicoptbeniaminzeevhertli@gmail.com', 'www.liceultehnologicresurseeducationalesitrayningtehnologicoptbeniaminzeevhertli.md', 'Bogdan Palade', 1),
    (61, 'Liceul Teoretic Nr.2', 'Publică', 'liceulteoreticnr2@gmail.com', 'www.liceulteoreticnr2.md', 'Olga Hâncu', 40),
    (62, 'Liceul Teoretic "Natalia Gheorghiu"', 'Publică', 'liceulteoreticnataliagheorghiu@gmail.com', 'www.liceulteoreticnataliagheorghiu.md', 'Olga Grecu', 1),
    (63, 'Liceul Teoretic bulgar "Vasil Levski"', 'Publică', 'liceulteoreticbulgarvasillevski@gmail.com', 'www.liceulteoreticbulgarvasillevski.md', 'Victor Negrescu', 1),
    (64, 'Liceul Teoretic "Mihai Grecu"', 'Publică', 'liceulteoreticmihaigrecu@gmail.com', 'www.liceulteoreticmihaigrecu.md', 'Galina Călin', 1),
    (65, 'Liceul Teoretic cu profil de arte "Elena Alistar"', 'Publică', 'liceulteoreticcuprofildearteelenaalistar@gmail.com', 'www.liceulteoreticcuprofildearteelenaalistar.md', 'Vasile Cucu', 1),
    (66, 'Liceul Teoretic "Mihail Sadoveanu"', 'Publică', 'liceulteoreticmihailsadoveanu@gmail.com', 'www.liceulteoreticmihailsadoveanu.md', 'Eugen Munteanu', 369),
    (67, 'Liceul Teoretic "Mihai Eminescu"', 'Publică', 'liceulteoreticmihaieminescu@gmail.com', 'www.liceulteoreticmihaieminescu.md', 'Maria Botnaru', 405),
    (68, 'Liceul Teoretic "V.Moşcov"', 'Publică', 'liceulteoreticvmoscov@gmail.com', 'www.liceulteoreticvmoscov.md', 'Elena Munteanu', 39),
    (69, 'Liceul Teoretic "M. Sadoveanu"', 'Publică', 'liceulteoreticmsadoveanu@gmail.com', 'www.liceulteoreticmsadoveanu.md', 'Alexandru Palade', 910),
    (70, 'Liceul Teoretic "Miguel de Cervantes Saavedra"', 'Publică', 'liceulteoreticmigueldecervantessaavedra@gmail.com', 'www.liceulteoreticmigueldecervantessaavedra.md', 'Bogdan Munteanu', 1),
    (71, 'Liceul Teoretic "Ştefan cel Mare"', 'Publică', 'liceulteoreticstefancelmare@gmail.com', 'www.liceulteoreticstefancelmare.md', 'Octavian Ciobanu', 36),
    (72, 'Liceul Teoretic "Academia Copiilor"', 'Privată', 'liceulteoreticacademiacopiilor@gmail.com', 'www.liceulteoreticacademiacopiilor.md', 'Liuba Bordea', 1),
    (73, 'Instituţia Publică Liceul Teoretic "Olimp"', 'Publică', 'liceulteoreticolimp@gmail.com', 'www.liceulteoreticolimp.md', 'Octavian Donea', 1),
    (74, 'Instituţie Publică Liceul Teoretic Varniţa', 'Publică', 'liceulteoreticvarnita@gmail.com', 'www.liceulteoreticvarnita.md', 'Gheorghe Călin', 263),
    (75, 'Liceul Teoretic "G.Coşbuc"', 'Publică', 'liceulteoreticgcosbuc@gmail.com', 'www.liceulteoreticgcosbuc.md', 'Diana Macovei', 36),
    (76, 'Liceul Teoretic "Mihail Kogălniceanu"', 'Publică', 'liceulteoreticmihailkogalniceanu@gmail.com', 'www.liceulteoreticmihailkogalniceanu.md', 'Alexandru Pavel', 1),
    (77, 'Liceul Teoretic Costeşti', 'Publică', 'liceulteoreticcostesti@gmail.com', 'www.liceulteoreticcostesti.md', 'Irina Lungu', 980),
    (78, 'Liceul Teoretic "Boris Dînga"', 'Publică', 'liceulteoreticborisdinga@gmail.com', 'www.liceulteoreticborisdinga.md', 'Tudor Donea', 551),
    (79, 'Instituţia Publică Liceul Teoretic "Hyperion"', 'Publică', 'liceulteoretichyperion@gmail.com', 'www.liceulteoretichyperion.md', 'Valentina Ciobanu', 526),
    (80, 'Instituţia Publică Liceul Teoretic "Constantin Stere"', 'Publică', 'liceulteoreticconstantinstere@gmail.com', 'www.liceulteoreticconstantinstere.md', 'Petru Moraru', 1393),
    (81, 'Instituţie Publică Liceul Teoretic "A. Mateevici"', 'Publică', 'liceulteoreticamateevici@gmail.com', 'www.liceulteoreticamateevici.md', 'Sergiu Negrescu', 1360),
    (82, 'Liceul Teoretic "Olimp"', 'Publică', 'liceulteoreticolimp@gmail.com', 'www.liceulteoreticolimp.md', 'Vasile Negrescu', 1291),
    (83, 'Liceul Teoretic "Mihai Eminescu"', 'Publică', 'liceulteoreticmihaieminescu@gmail.com', 'www.liceulteoreticmihaieminescu.md', 'Margareta Călin', 74),
    (84, 'Instituţia Publică Liceul Teoretic "Mihai Viteazul"', 'Publică', 'liceulteoreticmihaiviteazul@gmail.com', 'www.liceulteoreticmihaiviteazul.md', 'Eugen Melnic', 1),
    (85, 'Liceul Teoretic "Vasile Lupu"', 'Publică', 'liceulteoreticvasilelupu@gmail.com', 'www.liceulteoreticvasilelupu.md', 'Vasile Hâncu', 1),
    (86, 'Liceul Teoretic "Gaudeamus"', 'Publică', 'liceulteoreticgaudeamus@gmail.com', 'www.liceulteoreticgaudeamus.md', 'Valentina Sturza', 1),
    (87, 'Instituţia Publică Liceul Teoretic "Ion Inculeţ"', 'Publică', 'liceulteoreticioninculet@gmail.com', 'www.liceulteoreticioninculet.md', 'Octavian Ciobanu', 1523),
    (88, 'Liceul Teoretic "Ştefan cel Mare şi Sfînt"', 'Publică', 'liceulteoreticstefancelmaresisfint@gmail.com', 'www.liceulteoreticstefancelmaresisfint.md', 'Elena Sturza', 666),
    (89, 'Instituţia Publică Liceul Teoretic "Mitropolit Nestor Vornicescu"', 'Publică', 'liceulteoreticmitropolitnestorvornicescu@gmail.com', 'www.liceulteoreticmitropolitnestorvornicescu.md', 'Radu Dănilă', 1503),
    (90, 'Liceul Teoretic Republican "Ion Creangă"', 'Publică', 'liceulteoreticrepublicanioncreanga@gmail.com', 'www.liceulteoreticrepublicanioncreanga.md', 'Galina Rusu', 36),
    (91, 'Instituţie Publică Liceul Teoretic Echimăuţi', 'Publică', 'liceulteoreticechimauti@gmail.com', 'www.liceulteoreticechimauti.md', 'Eugen Pavel', 1202),
    (92, 'Liceul Teoretic "Mihail Stratulat"', 'Publică', 'liceulteoreticmihailstratulat@gmail.com', 'www.liceulteoreticmihailstratulat.md', 'Tatiana Ciobanu', 556),
    (93, 'Liceul Teoretic "George Meniuc"', 'Publică', 'liceulteoreticgeorgemeniuc@gmail.com', 'www.liceulteoreticgeorgemeniuc.md', 'Alexandru Bordea', 1),
    (94, 'Liceul Teoretic "Bogdan Petriceicu Haşdeu"', 'Publică', 'liceulteoreticbogdanpetriceicuhasdeu@gmail.com', 'www.liceulteoreticbogdanpetriceicuhasdeu.md', 'Elena Lazăr', 1),
    (95, 'Liceul "Svetoci"', 'Publică', 'liceulsvetoci@gmail.com', 'www.liceulsvetoci.md', 'Alexandru Bordea', 1),
    (96, 'Instituţia Publică Liceul Teoretic "Ion Creangă"', 'Publică', 'liceulteoreticioncreanga@gmail.com', 'www.liceulteoreticioncreanga.md', 'Bogdan Sturza', 1507),
    (97, 'Instituţia Publică Liceul Teoretic "Liviu Deleanu"', 'Publică', 'liceulteoreticliviudeleanu@gmail.com', 'www.liceulteoreticliviudeleanu.md', 'Bogdan Botnaru', 1),
    (98, 'Instituţie Publică Liceul Teoretic "Emil Nicula"', 'Publică', 'liceulteoreticemilnicula@gmail.com', 'www.liceulteoreticemilnicula.md', 'Natalia Catan', 245),
    (99, 'Liceul Teoretic "B.P.Haşdeu"', 'Publică', 'liceulteoreticbphasdeu@gmail.com', 'www.liceulteoreticbphasdeu.md', 'Dumitru Balan', 36),
    (100, 'Liceul Teoretic "M. Lomonosov"', 'Publică', 'liceulteoreticmlomonosov@gmail.com', 'www.liceulteoreticmlomonosov.md', 'Adrian Munteanu', 1119),
    (101, 'Liceul Teoretic "Mihai Eminescu"', 'Publică', 'liceulteoreticmihaieminescu@gmail.com', 'www.liceulteoreticmihaieminescu.md', 'Elena Catan', 619),
    (102, 'Instituţie Publică Liceul Teoretic "M.Eminescu"', 'Publică', 'liceulteoreticmeminescu@gmail.com', 'www.liceulteoreticmeminescu.md', 'Adrian Bordea', 678),
    (103, 'Liceul Teoretic Cruglic', 'Publică', 'liceulteoreticcruglic@gmail.com', 'www.liceulteoreticcruglic.md', 'Svetlana Ciobanu', 562),
    (104, 'Instituţie Publică Liceul Teoretic Olişcani', 'Publică', 'liceulteoreticoliscani@gmail.com', 'www.liceulteoreticoliscani.md', 'Ludmila Munteanu', 1378),
    (105, 'Filiala Ceadîr-Lunga a Instituţiei Private de Învăţămînt Liceul Teoretic "Orizont"', 'Privată', 'filialaceadir-lungaliceulteoreticorizont@gmail.com', 'www.filialaceadir-lungaliceulteoreticorizont.md', 'Nicolae Pavel', 39),
    (106, 'Liceul Teoretic Raional "M.Guboglo"', 'Publică', 'liceulteoreticraionalmguboglo@gmail.com', 'www.liceulteoreticraionalmguboglo.md', 'Galina Cucu', 39),
    (107, 'Liceul Teoretic "Mihail Sadoveanu"', 'Publică', 'liceulteoreticmihailsadoveanu@gmail.com', 'www.liceulteoreticmihailsadoveanu.md', 'Natalia Rotaru', 1),
    (108, 'Liceul Teoretic "Olimp"', 'Publică', 'liceulteoreticolimp@gmail.com', 'www.liceulteoreticolimp.md', 'Adrian Călin', 980),
    (109, 'Instituţia Publică Liceul Teoretic "Ginta Latină"', 'Publică', 'liceulteoreticgintalatina@gmail.com', 'www.liceulteoreticgintalatina.md', 'Andrei Drăghici', 1),
    (110, 'Instituţia Publică Liceul Teoretic "D.Cantemir"', 'Publică', 'liceulteoreticdcantemir@gmail.com', 'www.liceulteoreticdcantemir.md', 'Victor Oncea', 413),
    (111, 'Liceul Teoretic "Ştefan Vodă"', 'Publică', 'liceulteoreticstefanvoda@gmail.com', 'www.liceulteoreticstefanvoda.md', 'Dumitru Vrabie', 6),
    (112, 'Liceul Teoretic "Onisifor Ghibu"', 'Publică', 'liceulteoreticonisiforghibu@gmail.com', 'www.liceulteoreticonisiforghibu.md', 'Petru Melnic', 1119),
    (113, 'Liceul Teoretic "Kiril şi Metodii"', 'Publică', 'liceulteoretickirilsimetodii@gmail.com', 'www.liceulteoretickirilsimetodii.md', 'Ana Catan', 1),
    (114, 'Liceul "Elitex"', 'Privată', 'liceulelitex@gmail.com', 'www.liceulelitex.md', 'Nina Rotaru', 1),
    (115, 'Liceul Teoretic Cobani', 'Publică', 'liceulteoreticcobani@gmail.com', 'www.liceulteoreticcobani.md', 'Margareta Rusu', 885),
    (116, 'Liceul Teoretic "M.Eminescu"', 'Publică', 'liceulteoreticmeminescu@gmail.com', 'www.liceulteoreticmeminescu.md', 'Irina Oncea', 314),
    (117, 'Liceul Teoretic Academician "C.Sibirschi"', 'Publică', 'liceulteoreticacademiciancsibirschi@gmail.com', 'www.liceulteoreticacademiciancsibirschi.md', 'Gheorghe Oncea', 1),
    (118, 'Liceul Teoretic "Liviu Damian"', 'Publică', 'liceulteoreticliviudamian@gmail.com', 'www.liceulteoreticliviudamian.md', 'Eugen Moraru', 1236),
    (119, 'Instituţia Publică Liceul Teoretic "Mihai Eminescu"', 'Publică', 'liceulteoreticmihaieminescu@gmail.com', 'www.liceulteoreticmihaieminescu.md', 'Marian Ciobanu', 512),
    (120, 'Liceul Teoretic "M. Eminescu"', 'Publică', 'liceulteoreticmeminescu@gmail.com', 'www.liceulteoreticmeminescu.md', 'Olga Pavel', 1291),
    (121, 'Liceul Teoretic "I.Creangă"', 'Publică', 'liceulteoreticicreanga@gmail.com', 'www.liceulteoreticicreanga.md', 'Svetlana Drăghici', 314),
    (122, 'Liceul Teoretic "M.Sadoveanu"', 'Publică', 'liceulteoreticmsadoveanu@gmail.com', 'www.liceulteoreticmsadoveanu.md', 'Alexandru Botnaru', 480),
    (123, 'Liceul Teoretic "S.P.Economov"', 'Publică', 'liceulteoreticspeconomov@gmail.com', 'www.liceulteoreticspeconomov.md', 'Svetlana Lungu', 62),
    (124, 'Liceul Teoretic "N. Casso"', 'Publică', 'liceulteoreticncasso@gmail.com', 'www.liceulteoreticncasso.md', 'Nicolae Ștefan', 1303),
    (125, 'Liceul Teoretic "A. Cehov"', 'Publică', 'liceulteoreticacehov@gmail.com', 'www.liceulteoreticacehov.md', 'Oxana Lazăr', 801),
    (126, 'Instituţia Publică Liceul Teoretic "I. L. Caragiale"', 'Publică', 'liceulteoreticilcaragiale@gmail.com', 'www.liceulteoreticilcaragiale.md', 'Liviu Ungureanu', 1119),
    (127, 'Liceul Teoretic "Lucian Blaga"', 'Publică', 'liceulteoreticlucianblaga@gmail.com', 'www.liceulteoreticlucianblaga.md', 'Vasile Oncea', 1552),
    (128, 'Liceul Teoretic Tvardiţa', 'Publică', 'liceulteoretictvardita@gmail.com', 'www.liceulteoretictvardita.md', 'Tatiana Ungureanu', 1549),
    (129, 'Liceul Teoretic Hîrtopul Mic', 'Publică', 'liceulteoretichirtopulmic@gmail.com', 'www.liceulteoretichirtopulmic.md', 'Victor Bordea', 567),
    (130, 'Instituţie Publică Liceul Teoretic "Alexandr Puşkin"', 'Publică', 'liceulteoreticalexandrpuskin@gmail.com', 'www.liceulteoreticalexandrpuskin.md', 'Alina Moraru', 220),
    (131, 'Liceul Teoretic "M. Eminescu"', 'Publică', 'liceulteoreticmeminescu@gmail.com', 'www.liceulteoreticmeminescu.md', 'Victor Oncea', 1607),
    (132, 'Liceul Teoretic "Rambam" Ort', 'Privată', 'liceulteoreticrambamort@gmail.com', 'www.liceulteoreticrambamort.md', 'Elena Oncea', 1),
    (133, 'Liceul Teoretic "Hristo Botev" din s. Valea Perjei', 'Publică', 'liceulteoretichristobotevvaleaperjei@gmail.com', 'www.liceulteoretichristobotevvaleaperjei.md', 'Dumitru Pavel', 1550),
    (134, 'Instituţie Publică Liceul Teoretic "Ion Creangă"', 'Publică', 'liceulteoreticioncreanga@gmail.com', 'www.liceulteoreticioncreanga.md', 'Eugen Oncea', 220),
    (135, 'Liceul Teoretic "M.Lomonosov"', 'Publică', 'liceulteoreticmlomonosov@gmail.com', 'www.liceulteoreticmlomonosov.md', 'Vera Lazăr', 36),
    (136, 'Liceul Teoretic "Ştefan cel Mare"', 'Publică', 'liceulteoreticstefancelmare@gmail.com', 'www.liceulteoreticstefancelmare.md', 'Dumitru Palade', 373),
    (137, 'Liceul Teoretic "Universum"', 'Privată', 'liceulteoreticuniversum@gmail.com', 'www.liceulteoreticuniversum.md', 'Mihai Oncea', 960),
    (138, 'Instituţia Publică Liceul Teoretic "Ion Vatamanu"', 'Publică', 'liceulteoreticionvatamanu@gmail.com', 'www.liceulteoreticionvatamanu.md', 'Mihai Lazăr', 1488),
    (139, 'Instituţia Publică Liceul Teoretic "Ştefan Vodă"', 'Publică', 'liceulteoreticstefanvoda@gmail.com', 'www.liceulteoreticstefanvoda.md', 'Alina Donea', 1461),
    (140, 'Liceul Teoretic "Constantin Stere"', 'Publică', 'liceulteoreticconstantinstere@gmail.com', 'www.liceulteoreticconstantinstere.md', 'Valentina Dănilă', 266),
    (141, 'Liceul Teoretic "V.Alecsandri"', 'Publică', 'liceulteoreticvalecsandri@gmail.com', 'www.liceulteoreticvalecsandri.md', 'Gheorghe Balan', 1),
    (142, 'Instituţia Publică Liceul Teoretic "Alexandru Puşkin"', 'Publică', 'liceulteoreticalexandrupuskin@gmail.com', 'www.liceulteoreticalexandrupuskin.md', 'Larisa Munteanu', 1393),
    (143, 'Instituţia Publică Liceul Teoretic Bieşti', 'Publică', 'liceulteoreticbiesti@gmail.com', 'www.liceulteoreticbiesti.md', 'Petru Vrabie', 1122),
    (144, 'Instituţie Publică Liceul Teoretic "V.Suhomlinski"', 'Publică', 'liceulteoreticvsuhomlinski@gmail.com', 'www.liceulteoreticvsuhomlinski.md', 'Dumitru Munteanu', 678),
    (145, 'Liceul Teoretic "Matei Basarab"', 'Publică', 'liceulteoreticmateibasarab@gmail.com', 'www.liceulteoreticmateibasarab.md', 'Andrei Balan', 1),
    (146, 'Liceul Teoretic cu profil tehnologic pentru copii cu vederea slabă', 'Publică', 'liceulteoreticcuprofiltehnologicpentrucopiicuvedereaslaba@gmail.com', 'www.liceulteoreticcuprofiltehnologicpentrucopiicuvedereaslaba.md', 'Vasile Grosu', 1),
    (147, 'Liceul Teoretic "A.Mateevici"', 'Publică', 'liceulteoreticamateevici@gmail.com', 'www.liceulteoreticamateevici.md', 'Bogdan Balan', 594),
    (148, 'Instituţia Publică Liceu Internat cu Profil Sportiv', 'Publică', 'liceuinternatcuprofilsportiv@gmail.com', 'www.liceuinternatcuprofilsportiv.md', 'Margareta Cucu', 533),
    (149, 'Liceul Teoretic "Matei Basarab"', 'Publică', 'liceulteoreticmateibasarab@gmail.com', 'www.liceulteoreticmateibasarab.md', 'Irina Oncea', 265),
    (150, 'Liceul Teoretic "P.Rumeanţev"', 'Publică', 'liceulteoreticprumeantev@gmail.com', 'www.liceulteoreticprumeantev.md', 'Oxana Bordea', 314),
    (151, 'Liceul Teoretic "A.Mateevici"', 'Publică', 'liceulteoreticamateevici@gmail.com', 'www.liceulteoreticamateevici.md', 'Svetlana Lungu', 464),
    (152, 'Instituţie Publică Liceul Teoretic "Ioan Sârbu" Ignăţei', 'Publică', 'liceulteoreticioansarbuignatei@gmail.com', 'www.liceulteoreticioansarbuignatei.md', 'Liviu Vrabie', 1206),
    (153, 'Liceul Teoretic Ciumai', 'Publică', 'liceulteoreticciumai@gmail.com', 'www.liceulteoreticciumai.md', 'Ludmila Macovei', 1535),
    (154, 'Liceul Teoretic "Petre Ştefănucă"', 'Publică', 'liceulteoreticpetrestefanuca@gmail.com', 'www.liceulteoreticpetrestefanuca.md', 'Nina Călin', 973),
    (155, 'Liceul Teoretic "Ion Pelivan"', 'Publică', 'liceulteoreticionpelivan@gmail.com', 'www.liceulteoreticionpelivan.md', 'Adrian Ciobanu', 997),
    (156, 'Liceul Teoretic "Dimitrie Cantemir"', 'Publică', 'liceulteoreticdimitriecantemir@gmail.com', 'www.liceulteoreticdimitriecantemir.md', 'Liviu Rotaru', 1236),
    (157, 'Instituţia Publică Liceul Teoretic Cotova', 'Publică', 'liceulteoreticcotova@gmail.com', 'www.liceulteoreticcotova.md', 'Margareta Pavel', 630),
    (158, 'Instituţia Publică Liceul Teoretic "Onisifor Ghibu"', 'Publică', 'liceulteoreticonisiforghibu@gmail.com', 'www.liceulteoreticonisiforghibu.md', 'Olga Vrabie', 1),
    (159, 'Instituţia Publică Liceul Teoretic "Traian"', 'Publică', 'liceulteoretictraian@gmail.com', 'www.liceulteoretictraian.md', 'Tudor Catan', 1),
    (160, 'Instituţia Publică Liceul Teoretic "Bogdan Petriceicu Hasdeu"', 'Publică', 'liceulteoreticbogdanpetriceicuhasdeu@gmail.com', 'www.liceulteoreticbogdanpetriceicuhasdeu.md', 'Gheorghe Lazăr', 624),
    (161, 'Şcoală Profesională Nr.2', 'Publică', 'scoalaprofesionalanr2@gmail.com', 'www.scoalaprofesionalanr2.md', 'Nina Rusu', 1),
    (162, 'Liceul Teoretic "S.I.Baranovski"', 'Publică', 'liceulteoreticsibaranovski@gmail.com', 'www.liceulteoreticsibaranovski.md', 'Ludmila Balan', 58),
    (163, 'Liceul Teoretic "Gaudeamus"', 'Publică', 'liceulteoreticgaudeamus@gmail.com', 'www.liceulteoreticgaudeamus.md', 'Margareta Moraru', 594),
    (164, 'Liceul Teoretic "A.Puşkin"', 'Publică', 'liceulteoreticapuskin@gmail.com', 'www.liceulteoreticapuskin.md', 'Radu Pavel', 465),
    (165, 'Liceul Teoretic "Vasile Vasilache"', 'Publică', 'liceulteoreticvasilevasilache@gmail.com', 'www.liceulteoreticvasilevasilache.md', 'Oxana Catan', 1),
    (166, 'Instituţie Publică Liceul Teoretic "Olimp"', 'Publică', 'liceulteoreticolimp@gmail.com', 'www.liceulteoreticolimp.md', 'Cristina Ungureanu', 251),
    (167, 'Liceul Teoretic "Leonid Gherman"', 'Publică', 'liceulteoreticleonidgherman@gmail.com', 'www.liceulteoreticleonidgherman.md', 'Ana Rusu', 1289),
    (168, 'Instituţia Publică Liceul Teoretic Zubreşti', 'Publică', 'liceulteoreticzubresti@gmail.com', 'www.liceulteoreticzubresti.md', 'Adrian Catan', 1525),
    (169, 'Liceul Teoretic Ţibirica', 'Publică', 'liceulteoretictibirica@gmail.com', 'www.liceulteoretictibirica.md', 'Galina Negrescu', 408),
    (170, 'Liceul Teoretic cu Profil Real "Mihai Marinciuc"', 'Publică', 'liceulteoreticcuprofilrealmihaimarinciuc@gmail.com', 'www.liceulteoreticcuprofilrealmihaimarinciuc.md', 'Andrei Drăghici', 1),
    (171, 'Liceul Teoretic "A. Păunescu"', 'Publică', 'liceulteoreticapaunescu@gmail.com', 'www.liceulteoreticapaunescu.md', 'Mihai Pavel', 1560),
    (172, 'Liceul Teoretic "Constantin Spătaru"', 'Publică', 'liceulteoreticconstantinspataru@gmail.com', 'www.liceulteoreticconstantinspataru.md', 'Bogdan Pavel', 1008),
    (173, 'Liceul Teoretic "Dacia"', 'Publică', 'liceulteoreticdacia@gmail.com', 'www.liceulteoreticdacia.md', 'Ludmila Botnaru', 1),
    (174, 'Liceul Teoretic "Titu Maiorescu"', 'Publică', 'liceulteoretictitumaiorescu@gmail.com', 'www.liceulteoretictitumaiorescu.md', 'Valentina Pavel', 1),
    (175, 'Liceul Teoretic "Ioan Vodă"', 'Publică', 'liceulteoreticioanvoda@gmail.com', 'www.liceulteoreticioanvoda.md', 'Andrei Moraru', 314),
    (176, 'Liceul Teoretic Mălăieşti', 'Publică', 'liceulteoreticmalaiesti@gmail.com', 'www.liceulteoreticmalaiesti.md', 'Dumitru Popescu', 551),
    (177, 'Liceul Teoretic "D. Cantemir"', 'Publică', 'liceulteoreticdcantemir@gmail.com', 'www.liceulteoreticdcantemir.md', 'Natalia Negrescu', 314),
    (178, 'Instituţia Publică Liceul Teoretic "Alexandru cel Bun"', 'Publică', 'liceulteoreticalexandrucelbun@gmail.com', 'www.liceulteoreticalexandrucelbun.md', 'Adrian Ciobanu', 1194),
    (179, 'Liceul Teoretic Teţcani', 'Publică', 'liceulteoretictetcani@gmail.com', 'www.liceulteoretictetcani.md', 'Cristina Popescu', 275),
    (180, 'Liceul Teoretic Săseni', 'Publică', 'liceulteoreticsaseni@gmail.com', 'www.liceulteoreticsaseni.md', 'Nicolae Ștefan', 402),
    (181, 'Instituţia Publică Liceul Teoretic "A.Puşkin"', 'Publică', 'liceulteoreticapuskin@gmail.com', 'www.liceulteoreticapuskin.md', 'Irina Grosu', 726),
    (182, 'Instituţia Publică Liceul Rus Nr.3', 'Publică', 'liceulrusnr3@gmail.com', 'www.liceulrusnr3.md', 'Mihai Donea', 624),
    (183, 'Liceul Teoretic "Nicolae Donici"', 'Publică', 'liceulteoreticnicolaedonici@gmail.com', 'www.liceulteoreticnicolaedonici.md', 'Nina Negrescu', 565),
    (184, 'Liceu Teoretic "Waldorf" (cu grupe de grădiniţă)', 'Privată', 'liceuteoreticwaldorfcugrupedegradinita@gmail.com', 'www.liceuteoreticwaldorfcugrupedegradinita.md', 'Dumitru Hâncu', 1),
    (185, 'Liceul Teoretic Holercani', 'Publică', 'liceulteoreticholercani@gmail.com', 'www.liceulteoreticholercani.md', 'Galina Moraru', 667),
    (186, 'Liceul Teoretic "Anton Cehov"', 'Publică', 'liceulteoreticantoncehov@gmail.com', 'www.liceulteoreticantoncehov.md', 'Nina Ungureanu', 1),
    (187, 'Instituţia Publică Liceul Teoretic Pelinia', 'Publică', 'liceulteoreticpelinia@gmail.com', 'www.liceulteoreticpelinia.md', 'Galina Catan', 649),
    (188, 'Liceul Teoretic "M. Costin"', 'Publică', 'liceulteoreticmcostin@gmail.com', 'www.liceulteoreticmcostin.md', 'Nina Macovei', 801),
    (189, 'Instituţia Publică Liceul Teoretic "Petru Zadnipru"', 'Publică', 'liceulteoreticpetruzadnipru@gmail.com', 'www.liceulteoreticpetruzadnipru.md', 'Margareta Negrescu', 1),
    (190, 'Liceul Teoretic "I.S.Neciui-Leviţchi"', 'Publică', 'liceulteoreticisneciui-levitchi@gmail.com', 'www.liceulteoreticisneciui-levitchi.md', 'Larisa Negrescu', 1),
    (191, 'Liceul Teoretic "A.Mateevici"', 'Publică', 'liceulteoreticamateevici@gmail.com', 'www.liceulteoreticamateevici.md', 'Dumitru Melnic', 316),
    (192, 'Liceul Teoretic "Ştefan Holban"', 'Publică', 'liceulteoreticstefanholban@gmail.com', 'www.liceulteoreticstefanholban.md', 'Nina Popescu', 922),
    (193, 'Instituţia Publică Liceul Teoretic "Ştefan cel Mare"', 'Publică', 'liceulteoreticstefancelmare@gmail.com', 'www.liceulteoreticstefancelmare.md', 'Svetlana Negrescu', 1),
    (194, 'Instituţia Publică Liceul Teoretic "Alecu Russo"', 'Publică', 'liceulteoreticalecurusso@gmail.com', 'www.liceulteoreticalecurusso.md', 'Vladislav Munteanu', 1493),
    (195, 'Instituţia Publică Liceul Teoretic "A. Russo"', 'Publică', 'liceulteoreticarusso@gmail.com', 'www.liceulteoreticarusso.md', 'Tudor Oncea', 1119),
    (196, 'Instituţia Publică Liceul Teoretic "Nicolae Mihai"', 'Publică', 'liceulteoreticnicolaemihai@gmail.com', 'www.liceulteoreticnicolaemihai.md', 'Tatiana Moraru', 423),
    (197, 'Liceul Teoretic "Victor Dumbrăveanu"', 'Publică', 'liceulteoreticvictordumbraveanu@gmail.com', 'www.liceulteoreticvictordumbraveanu.md', 'Nicolae Grecu', 1248),
    (198, 'Liceul Teoretic Văratic', 'Publică', 'liceulteoreticvaratic@gmail.com', 'www.liceulteoreticvaratic.md', 'Liviu Macovei', 1287),
    (199, 'Instituţie Publică Liceul Teoretic "Pan Halippa"', 'Publică', 'liceulteoreticpanhalippa@gmail.com', 'www.liceulteoreticpanhalippa.md', 'Petru Macovei', 678),
    (200, 'Liceul Teoretic Cunicea', 'Publică', 'liceulteoreticcunicea@gmail.com', 'www.liceulteoreticcunicea.md', 'Liviu Balan', 821),
    (201, 'Liceul Teoretic "Gh.Ghimpu"', 'Publică', 'liceulteoreticghghimpu@gmail.com', 'www.liceulteoreticghghimpu.md', 'Liuba Grecu', 1),
    (202, 'Liceul Teoretic Recea', 'Publică', 'liceulteoreticrecea@gmail.com', 'www.liceulteoreticrecea.md', 'Adrian Balan', 1276),
    (203, 'Liceul Teoretic "Grigore Vieru"', 'Publică', 'liceulteoreticgrigorevieru@gmail.com', 'www.liceulteoreticgrigorevieru.md', 'Victor Rusu', 275),
    (204, 'Liceul Teoretic "Iulia Haşdeu"', 'Publică', 'liceulteoreticiuliahasdeu@gmail.com', 'www.liceulteoreticiuliahasdeu.md', 'Alina Ungureanu', 1),
    (205, 'Instituţia Publică Liceul Teoretic "Minerva"', 'Publică', 'liceulteoreticminerva@gmail.com', 'www.liceulteoreticminerva.md', 'Margareta Donea', 1),
    (206, 'Liceul Teoretic "M. Eminescu"', 'Publică', 'liceulteoreticmeminescu@gmail.com', 'www.liceulteoreticmeminescu.md', 'Valentina Popescu', 910),
    (207, 'Liceul Teoretic "Grătieşti"', 'Publică', 'liceulteoreticgratiesti@gmail.com', 'www.liceulteoreticgratiesti.md', 'Liviu Popescu', 27),
    (208, 'Liceul Teoretic Oniţcani', 'Publică', 'liceulteoreticonitcani@gmail.com', 'www.liceulteoreticonitcani.md', 'Tudor Pavel', 580),
    (209, 'Liceul Teoretic Doroţcaia', 'Publică', 'liceulteoreticdorotcaia@gmail.com', 'www.liceulteoreticdorotcaia.md', 'Cristina Lazăr', 666),
    (210, 'Instituţia Publică Liceul Teoretic "Nicolae Bălcescu"', 'Publică', 'liceulteoreticnicolaebalcescu@gmail.com', 'www.liceulteoreticnicolaebalcescu.md', 'Petru Hâncu', 16),
    (211, 'Liceul Teoretic "D.Caracioban" mun. Comrat', 'Publică', 'liceulteoreticdcaraciobanmuncomrat@gmail.com', 'www.liceulteoreticdcaraciobanmuncomrat.md', 'Marian Ungureanu', 40),
    (212, 'Liceul Teoretic Cuhureştii de Sus', 'Publică', 'liceulteoreticcuhurestiidesus@gmail.com', 'www.liceulteoreticcuhurestiidesus.md', 'Radu Bordea', 820),
    (213, 'Liceul Teoretic "Silvian Lucaci"', 'Publică', 'liceulteoreticsilvianlucaci@gmail.com', 'www.liceulteoreticsilvianlucaci.md', 'Maria Botnaru', 1235),
    (214, 'Liceul Teoretic "A. Mateevici"', 'Publică', 'liceulteoreticamateevici@gmail.com', 'www.liceulteoreticamateevici.md', 'Tatiana Palade', 855),
    (215, 'Seminarul Teologic Ortodox', 'Publică', 'seminarulteologicortodox@gmail.com', 'www.seminarulteologicortodox.md', 'Alexandru Dănilă', 1),
    (216, 'Instituţia Publică Liceul Teoretic "Constantin Negruzzi"', 'Publică', 'liceulteoreticconstantinnegruzzi@gmail.com', 'www.liceulteoreticconstantinnegruzzi.md', 'Andrei Negrescu', 1),
    (217, 'Liceul Teoretic Mingir', 'Publică', 'liceulteoreticmingir@gmail.com', 'www.liceulteoreticmingir.md', 'Radu Dănilă', 949),
    (218, 'Instituţia Publică Liceul Teoretic "Hyperion"', 'Publică', 'liceulteoretichyperion@gmail.com', 'www.liceulteoretichyperion.md', 'Alina Dănilă', 4),
    (219, 'Liceul Teoretic "Ştefan cel Mare"', 'Publică', 'liceulteoreticstefancelmare@gmail.com', 'www.liceulteoreticstefancelmare.md', 'Larisa Rotaru', 269),
    (220, 'Liceul Teoretic "A. Agapie"', 'Publică', 'liceulteoreticaagapie@gmail.com', 'www.liceulteoreticaagapie.md', 'Elena Vrabie', 1336),
    (221, 'Liceul Teoretic "Lev Tolstoi"', 'Publică', 'liceulteoreticlevtolstoi@gmail.com', 'www.liceulteoreticlevtolstoi.md', 'Vasile Grosu', 1008),
    (222, 'Instituţia Publică Liceul Teoretic "Universul"', 'Publică', 'liceulteoreticuniversul@gmail.com', 'www.liceulteoreticuniversul.md', 'Elena Grosu', 1517),
    (223, 'Instituţia Publică Liceul Teoretic "Ion Creangă"', 'Publică', 'liceulteoreticioncreanga@gmail.com', 'www.liceulteoreticioncreanga.md', 'Dumitru Ciobanu', 512),
    (224, 'Liceul Teoretic "Dimitrie Cantemir"', 'Publică', 'liceulteoreticdimitriecantemir@gmail.com', 'www.liceulteoreticdimitriecantemir.md', 'Vera Moraru', 1005),
    (225, 'Liceul Teoretic Lăpuşna', 'Publică', 'liceulteoreticlapusna@gmail.com', 'www.liceulteoreticlapusna.md', 'Octavian Pavel', 944),
    (226, 'Liceul Teoretic Cuhneşti', 'Publică', 'liceulteoreticcuhnesti@gmail.com', 'www.liceulteoreticcuhnesti.md', 'Andrei Negrescu', 887),
    (227, 'Liceul Teoretic "Mihai Eminescu"', 'Publică', 'liceulteoreticmihaieminescu@gmail.com', 'www.liceulteoreticmihaieminescu.md', 'Diana Sturza', 1008),
    (228, 'Instituţie Publică Liceul Teoretic "Andrei Straistă"', 'Publică', 'liceulteoreticandreistraista@gmail.com', 'www.liceulteoreticandreistraista.md', 'Irina Grosu', 220),
    (229, 'Instituţia Publică Liceul Teoretic cu Profil Sportiv Nr. 2', 'Publică', 'liceulteoreticcuprofilsportivnr2@gmail.com', 'www.liceulteoreticcuprofilsportivnr2.md', 'Ana Călin', 1),
    (230, 'Liceul Teoretic "Lucian Blaga"', 'Publică', 'liceulteoreticlucianblaga@gmail.com', 'www.liceulteoreticlucianblaga.md', 'Ana Bordea', 1007),
    (231, 'Liceul Teoretic "L.Blaga"', 'Publică', 'liceulteoreticlblaga@gmail.com', 'www.liceulteoreticlblaga.md', 'Cristina Balan', 36),
    (232, 'Instituţia Publică Liceul Teoretic "Victor Coţofană"', 'Publică', 'liceulteoreticvictorcotofana@gmail.com', 'www.liceulteoreticvictorcotofana.md', 'Olga Botnaru', 629),
    (233, 'Liceul Teoretic "V. Alecsandri"', 'Publică', 'liceulteoreticvalecsandri@gmail.com', 'www.liceulteoreticvalecsandri.md', 'Valentina Călin', 329),
    (234, 'Liceul Teoretic cu Profil de Arte "Ion şi Doina Aldea-Teodorovici"', 'Publică', 'liceulteoreticcuprofildearteionsidoinaaldea-teodorovici@gmail.com', 'www.liceulteoreticcuprofildearteionsidoinaaldea-teodorovici.md', 'Ana Palade', 1),
    (235, 'Liceul Teoretic "Mihai Eminescu"', 'Publică', 'liceulteoreticmihaieminescu@gmail.com', 'www.liceulteoreticmihaieminescu.md', 'Irina Donea', 356),
    (236, 'Instituţia Publică Liceul Teoretic Sireţi', 'Publică', 'liceulteoreticsireti@gmail.com', 'www.liceulteoreticsireti.md', 'Elena Vrabie', 1518),
    (237, 'Liceul Teoretic "Lucian Blaga"', 'Publică', 'liceulteoreticlucianblaga@gmail.com', 'www.liceulteoreticlucianblaga.md', 'Diana Botnaru', 1),
    (238, 'Instituţia Publică Liceul Teoretic "Mihai Eminescu"', 'Publică', 'liceulteoreticmihaieminescu@gmail.com', 'www.liceulteoreticmihaieminescu.md', 'Ludmila Rotaru', 1488),
    (239, 'Liceul Teoretic "V.Maiakovski"', 'Publică', 'liceulteoreticvmaiakovski@gmail.com', 'www.liceulteoreticvmaiakovski.md', 'Larisa Călin', 36),
    (240, 'Instituţia Publică Liceul Teoretic "Mihail Sadoveanu"', 'Publică', 'liceulteoreticmihailsadoveanu@gmail.com', 'www.liceulteoreticmihailsadoveanu.md', 'Victor Ștefan', 1087),
    (241, 'Liceul Teoretic "A.Russo"', 'Publică', 'liceulteoreticarusso@gmail.com', 'www.liceulteoreticarusso.md', 'Galina Grecu', 1346),
    (242, 'Instituţia Publică Liceul Teoretic "Alexandr Puşkin"', 'Publică', 'liceulteoreticalexandrpuskin@gmail.com', 'www.liceulteoreticalexandrpuskin.md', 'Mihai Lazăr', 512),
    (243, 'Şcoală Profesională Nr.3', 'Publică', 'scoalaprofesionalanr3@gmail.com', 'www.scoalaprofesionalanr3.md', 'Svetlana Catan', 1),
    (244, 'Instituţia Publică Liceul Teoretic "Alexandru cel Bun"', 'Publică', 'liceulteoreticalexandrucelbun@gmail.com', 'www.liceulteoreticalexandrucelbun.md', 'Margareta Grosu', 5),
    (245, 'Liceul Teoretic Nr.1 Briceni', 'Publică', 'liceulteoreticnr1briceni@gmail.com', 'www.liceulteoreticnr1briceni.md', 'Liviu Melnic', 275),
    (246, 'Liceul Teoretic Ştefăneşti', 'Publică', 'liceulteoreticstefanesti@gmail.com', 'www.liceulteoreticstefanesti.md', 'Svetlana Cucu', 859),
    (247, 'Instituţia Publică Liceul Teoretic "Ion Creangă"', 'Publică', 'liceulteoreticioncreanga@gmail.com', 'www.liceulteoreticioncreanga.md', 'Natalia Dănilă', 1393),
    (248, 'Instituţia Publică Liceul Teoretic "Mihai Eminescu"', 'Publică', 'liceulteoreticmihaieminescu@gmail.com', 'www.liceulteoreticmihaieminescu.md', 'Valentina Grosu', 624),
    (249, 'Liceul Teoretic "V.Anestiade"', 'Publică', 'liceulteoreticvanestiade@gmail.com', 'www.liceulteoreticvanestiade.md', 'Marian Pavel', 1593),
    (250, 'Liceul Teoretic "D.Cantemir"', 'Publică', 'liceulteoreticdcantemir@gmail.com', 'www.liceulteoreticdcantemir.md', 'Ion Popescu', 1606),
    (251, 'Liceul Teoretic "A. Doljnenko"', 'Publică', 'liceulteoreticadoljnenko@gmail.com', 'www.liceulteoreticadoljnenko.md', 'Oxana Popescu', 40),
    (252, 'Liceul Teoretic "S. Andreev"', 'Publică', 'liceulteoreticsandreev@gmail.com', 'www.liceulteoreticsandreev.md', 'Sergiu Cucu', 925),
    (253, 'Liceul Teoretic "Ivan Vazov"', 'Publică', 'liceulteoreticivanvazov@gmail.com', 'www.liceulteoreticivanvazov.md', 'Marian Grecu', 1526),
    (254, 'Liceul Teoretic "M.Sadoveanu"', 'Publică', 'liceulteoreticmsadoveanu@gmail.com', 'www.liceulteoreticmsadoveanu.md', 'Margareta Rotaru', 314),
    (255, 'Liceul Teoretic Moleşti', 'Publică', 'liceulteoreticmolesti@gmail.com', 'www.liceulteoreticmolesti.md', 'Olga Botnaru', 992),
    (256, 'Liceul Teoretic "T.Şevcenco" Briceni', 'Publică', 'liceulteoretictsevcencobriceni@gmail.com', 'www.liceulteoretictsevcencobriceni.md', 'Liviu Popescu', 275),
    (257, 'Liceul Teoretic "D.Cantemir"', 'Publică', 'liceulteoreticdcantemir@gmail.com', 'www.liceulteoreticdcantemir.md', 'Valentina Grecu', 1585),
    (258, 'Liceul Teoretic "I. Creangă"', 'Publică', 'liceulteoreticicreanga@gmail.com', 'www.liceulteoreticicreanga.md', 'Octavian Negrescu', 1607),
    (259, 'Liceul Teoretic "M. Eminescu"', 'Publică', 'liceulteoreticmeminescu@gmail.com', 'www.liceulteoreticmeminescu.md', 'Natalia Rusu', 801),
    (260, 'Liceul Teoretic "Truşeni"', 'Publică', 'liceulteoretictruseni@gmail.com', 'www.liceulteoretictruseni.md', 'Dumitru Rusu', 34),
    (261, 'Instituţia Publică Liceul Teoretic "Ion Creangă"', 'Publică', 'liceulteoreticioncreanga@gmail.com', 'www.liceulteoreticioncreanga.md', 'Diana Popescu', 653),
    (262, 'Liceul Teoretic "A. Mateevici"', 'Publică', 'liceulteoreticamateevici@gmail.com', 'www.liceulteoreticamateevici.md', 'Diana Macovei', 1658),
    (263, 'Instituţia Publică Liceul Teoretic "Mihai Eminescu"', 'Publică', 'liceulteoreticmihaieminescu@gmail.com', 'www.liceulteoreticmihaieminescu.md', 'Margareta Cucu', 1088),
    (264, 'Instituţia Publică Liceul Teoretic "Petru Rareş"', 'Publică', 'liceulteoreticpetrurares@gmail.com', 'www.liceulteoreticpetrurares.md', 'Petru Dănilă', 1),
    (265, 'Liceul Teoretic Lipcani', 'Publică', 'liceulteoreticlipcani@gmail.com', 'www.liceulteoreticlipcani.md', 'Dumitru Călin', 276),
    (266, 'Liceul Teoretic Puhoi', 'Publică', 'liceulteoreticpuhoi@gmail.com', 'www.liceulteoreticpuhoi.md', 'Ludmila Călin', 996),
    (267, 'Liceul Teoretic "P. Halippa"', 'Publică', 'liceulteoreticphalippa@gmail.com', 'www.liceulteoreticphalippa.md', 'Oxana Ciobanu', 1312),
    (268, 'Liceul Teoretic "Ştefan cel Mare şi Sfînt"', 'Publică', 'liceulteoreticstefancelmaresisfint@gmail.com', 'www.liceulteoreticstefancelmaresisfint.md', 'Octavian Dănilă', 501),
    (269, 'Liceul Teoretic Congaz', 'Publică', 'liceulteoreticcongaz@gmail.com', 'www.liceulteoreticcongaz.md', 'Nina Catan', 55),
    (270, 'Liceul Teoretic "Mihail Bârcă"', 'Publică', 'liceulteoreticmihailbarca@gmail.com', 'www.liceulteoreticmihailbarca.md', 'Gheorghe Melnic', 989),
    (271, 'Instituţia Publică Liceul Teoretic "Ştefan cel Mare"', 'Publică', 'liceulteoreticstefancelmare@gmail.com', 'www.liceulteoreticstefancelmare.md', 'Dumitru Vrabie', 624),
    (272, 'Liceul Teoretic "A.Puşkin"', 'Publică', 'liceulteoreticapuskin@gmail.com', 'www.liceulteoreticapuskin.md', 'Ion Grecu', 36),
    (273, 'Liceul Teoretic Zîmbreni', 'Publică', 'liceulteoreticzimbreni@gmail.com', 'www.liceulteoreticzimbreni.md', 'Svetlana Lungu', 1006),
    (274, 'Liceul Teoretic "N.V.Gogol"', 'Publică', 'liceulteoreticnvgogol@gmail.com', 'www.liceulteoreticnvgogol.md', 'Margareta Rusu', 265),
    (275, 'Liceul Teoretic "M. Eminescu"', 'Publică', 'liceulteoreticmeminescu@gmail.com', 'www.liceulteoreticmeminescu.md', 'Tatiana Ștefan', 828),
    (276, 'Liceul Teoretic "P.Erhan"', 'Publică', 'liceulteoreticperhan@gmail.com', 'www.liceulteoreticperhan.md', 'Larisa Călin', 499),
    (277, 'Liceul Teoretic "A.Mateevici"', 'Publică', 'liceulteoreticamateevici@gmail.com', 'www.liceulteoreticamateevici.md', 'Liuba Rusu', 509),
    (278, 'Liceul Teoretic Cimişeni', 'Publică', 'liceulteoreticcimiseni@gmail.com', 'www.liceulteoreticcimiseni.md', 'Petru Cucu', 558),
    (279, 'Liceul Teoretic Colicăuţi', 'Publică', 'liceulteoreticcolicauti@gmail.com', 'www.liceulteoreticcolicauti.md', 'Alexandru Dănilă', 275),
    (280, 'Instituţie Publică Liceul Teoretic Gordineşti', 'Publică', 'liceulteoreticgordinesti@gmail.com', 'www.liceulteoreticgordinesti.md', 'Larisa Călin', 702),
    (281, 'Instituţia Publică Liceul Teoretic "Ştefan cel Mare"', 'Publică', 'liceulteoreticstefancelmare@gmail.com', 'www.liceulteoreticstefancelmare.md', 'Cristina Popescu', 1194),
    (282, 'Liceul Teoretic "Vlad Ioviţă"', 'Publică', 'liceulteoreticvladiovita@gmail.com', 'www.liceulteoreticvladiovita.md', 'Alexandru Moraru', 663),
    (283, 'Liceul Teoretic Limbenii Vechi', 'Publică', 'liceulteoreticlimbeniivechi@gmail.com', 'www.liceulteoreticlimbeniivechi.md', 'Adrian Rusu', 895),
    (284, 'Instituţie Publică Liceul Teoretic "Anton Guzun"', 'Publică', 'liceulteoreticantonguzun@gmail.com', 'www.liceulteoreticantonguzun.md', 'Dumitru Călin', 227),
    (285, 'Liceul Teoretic Nr. 2', 'Publică', 'liceulteoreticnr2@gmail.com', 'www.liceulteoreticnr2.md', 'Alina Catan', 39),
    (286, 'Instituţie Publică Liceul Teoretic Feteşti', 'Publică', 'liceulteoreticfetesti@gmail.com', 'www.liceulteoreticfetesti.md', 'Vera Munteanu', 698),
    (287, 'Liceul Teoretic Bobeica', 'Publică', 'liceulteoreticbobeica@gmail.com', 'www.liceulteoreticbobeica.md', 'Cristina Negrescu', 913),
    (288, 'Liceul Teoretic Corjeuţi', 'Publică', 'liceulteoreticcorjeuti@gmail.com', 'www.liceulteoreticcorjeuti.md', 'Ana Palade', 275),
    (289, 'Liceul-Internat Municipal cu Profil Sportiv', 'Publică', 'liceul-internatmunicipalcuprofilsportiv@gmail.com', 'www.liceul-internatmunicipalcuprofilsportiv.md', 'Alina Rusu', 1),
    (290, 'Liceul Teoretic "V.Alecsandri"', 'Publică', 'liceulteoreticvalecsandri@gmail.com', 'www.liceulteoreticvalecsandri.md', 'Elena Catan', 36),
    (291, 'Liceul Teoretic "Constantin Popovici"', 'Publică', 'liceulteoreticconstantinpopovici@gmail.com', 'www.liceulteoreticconstantinpopovici.md', 'Irina Grosu', 1267),
    (292, 'Liceul Teoretic Ţîpala', 'Publică', 'liceulteoretictipala@gmail.com', 'www.liceulteoretictipala.md', 'Andrei Dănilă', 1002),
    (293, 'Liceul Teoretic "Eugen Coşeriu"', 'Publică', 'liceulteoreticeugencoseriu@gmail.com', 'www.liceulteoreticeugencoseriu.md', 'Oxana Munteanu', 1264),
    (294, 'Liceul Teoretic "Elada"', 'Privată', 'liceulteoreticelada@gmail.com', 'www.liceulteoreticelada.md', 'Vasile Sturza', 1644),
    (295, 'Instituţia Publică Liceul Teoretic Visoca', 'Publică', 'liceulteoreticvisoca@gmail.com', 'www.liceulteoreticvisoca.md', 'Petru Grecu', 1457),
    (296, 'Liceul Internat Republican cu Profil Sportiv', 'Publică', 'liceulinternatrepublicancuprofilsportiv@gmail.com', 'www.liceulinternatrepublicancuprofilsportiv.md', 'Ana Lungu', 1),
    (297, 'Liceul Teoretic "Boris Ianacoglo"', 'Publică', 'liceulteoreticborisianacoglo@gmail.com', 'www.liceulteoreticborisianacoglo.md', 'Vladislav Grecu', 58),
    (298, 'Instituţie Publică Liceul Teoretic "M.Sadoveanu"', 'Publică', 'liceulteoreticmsadoveanu@gmail.com', 'www.liceulteoreticmsadoveanu.md', 'Natalia Pavel', 677),
    (299, 'Instituţia Publică Liceul Teoretic "I.Creangă"', 'Publică', 'liceulteoreticicreanga@gmail.com', 'www.liceulteoreticicreanga.md', 'Sergiu Donea', 726),
    (300, 'Liceul Teoretic "A. Puşkin"', 'Publică', 'liceulteoreticapuskin@gmail.com', 'www.liceulteoreticapuskin.md', 'Liuba Pavel', 1607),
    (301, 'Liceul Teoretic Sculeni', 'Publică', 'liceulteoreticsculeni@gmail.com', 'www.liceulteoreticsculeni.md', 'Olga Macovei', 1665),
    (302, 'Liceul Teoretic "Mircea cel Bătrîn"', 'Publică', 'liceulteoreticmirceacelbatrin@gmail.com', 'www.liceulteoreticmirceacelbatrin.md', 'Dumitru Ștefan', 1),
    (303, 'Liceul Teoretic "Ion Creangă"', 'Publică', 'liceulteoreticioncreanga@gmail.com', 'www.liceulteoreticioncreanga.md', 'Sergiu Melnic', 665),
    (304, 'Liceul Teoretic "Vasile Alecsandri"', 'Publică', 'liceulteoreticvasilealecsandri@gmail.com', 'www.liceulteoreticvasilealecsandri.md', 'Alexandru Sturza', 369),
    (305, 'Instituţia Publică Liceu Teoretic Rubleniţa', 'Publică', 'liceuteoreticrublenita@gmail.com', 'www.liceuteoreticrublenita.md', 'Vera Lazăr', 1432),
    (306, 'Liceul Moldo-Turc "S.Demirel"', 'Privată', 'liceulmoldo-turcsdemirel@gmail.com', 'www.liceulmoldo-turcsdemirel.md', 'Ana Negrescu', 55),
    (307, 'Instituţia Publică Liceul Teoretic "Constantin Stamati"', 'Publică', 'liceulteoreticconstantinstamati@gmail.com', 'www.liceulteoreticconstantinstamati.md', 'Vladislav Grecu', 1087),
    (308, 'Instituţia Publică Liceul Teoretic "Petru Rareş"', 'Publică', 'liceulteoreticpetrurares@gmail.com', 'www.liceulteoreticpetrurares.md', 'Sergiu Drăghici', 1393),
    (309, 'Liceul Teoretic "Vasile Coroban"', 'Publică', 'liceulteoreticvasilecoroban@gmail.com', 'www.liceulteoreticvasilecoroban.md', 'Galina Botnaru', 875),
    (310, 'Instituţia Publică Liceul Teoretic "Mircea Eliade"', 'Publică', 'liceulteoreticmirceaeliade@gmail.com', 'www.liceulteoreticmirceaeliade.md', 'Alina Lazăr', 1047),
    (311, 'Liceul Teoretic Balatina', 'Publică', 'liceulteoreticbalatina@gmail.com', 'www.liceulteoreticbalatina.md', 'Sergiu Rotaru', 876),
    (312, 'Liceul Teoretic "Prometeu"', 'Publică', 'liceulteoreticprometeu@gmail.com', 'www.liceulteoreticprometeu.md', 'Adrian Bordea', 596),
    (313, 'Liceul Teoretic "Lev Tolstoi"', 'Publică', 'liceulteoreticlevtolstoi@gmail.com', 'www.liceulteoreticlevtolstoi.md', 'Svetlana Bordea', 875),
    (314, 'Instituţie Publică Liceul Teoretic "S.Kovalevskaia"', 'Publică', 'liceulteoreticskovalevskaia@gmail.com', 'www.liceulteoreticskovalevskaia.md', 'Mihai Popescu', 677),
    (315, 'Instituţia Publică Liceul Teoretic "V. Lupu"', 'Publică', 'liceulteoreticvlupu@gmail.com', 'www.liceulteoreticvlupu.md', 'Galina Hâncu', 1183),
    (316, 'Liceul Teoretic "Ion Sîrbu"', 'Publică', 'liceulteoreticionsirbu@gmail.com', 'www.liceulteoreticionsirbu.md', 'Adrian Macovei', 577),
    (317, 'Liceul Teoretic "V. Alecsandri"', 'Publică', 'liceulteoreticvalecsandri@gmail.com', 'www.liceulteoreticvalecsandri.md', 'Larisa Botnaru', 803),
    (318, 'Liceul Teoretic "A.Puşkin"', 'Publică', 'liceulteoreticapuskin@gmail.com', 'www.liceulteoreticapuskin.md', 'Liviu Cucu', 594),
    (319, 'Instituţia Publică Liceul Teoretic "Gheorghe Biruitorul"', 'Publică', 'liceulteoreticgheorghebiruitorul@gmail.com', 'www.liceulteoreticgheorghebiruitorul.md', 'Gheorghe Palade', 1087),
    (320, 'Liceul Teoretic "Andrei Vartic"', 'Publică', 'liceulteoreticandreivartic@gmail.com', 'www.liceulteoreticandreivartic.md', 'Liviu Grecu', 973),
    (321, 'Liceul Teoretic Sturzovca', 'Publică', 'liceulteoreticsturzovca@gmail.com', 'www.liceulteoreticsturzovca.md', 'Radu Melnic', 905),
    (322, 'Liceul Teoretic "Grigore Vieru"', 'Publică', 'liceulteoreticgrigorevieru@gmail.com', 'www.liceulteoreticgrigorevieru.md', 'Elena Negrescu', 1011),
    (323, 'Instituţia Publică Liceul Teoretic "Gheorghe Vrabie"', 'Publică', 'liceulteoreticgheorghevrabie@gmail.com', 'www.liceulteoreticgheorghevrabie.md', 'Sergiu Cucu', 733),
    (324, 'Liceul Teoretic Negureni', 'Publică', 'liceulteoreticnegureni@gmail.com', 'www.liceulteoreticnegureni.md', 'Radu Palade', 1586),
    (325, 'Liceul Teoretic "M.Gorki"', 'Publică', 'liceulteoreticmgorki@gmail.com', 'www.liceulteoreticmgorki.md', 'Maria Pavel', 36),
    (326, 'Liceul Teoretic "Mihail Lomonosov"', 'Publică', 'liceulteoreticmihaillomonosov@gmail.com', 'www.liceulteoreticmihaillomonosov.md', 'Galina Macovei', 1),
    (327, 'Centru Externat 2', 'Publică', 'centruexternat2@gmail.com', 'www.centruexternat2.md', 'Bogdan Vrabie', 1),
    (328, 'Liceul Teoretic "N.Gogol"', 'Publică', 'liceulteoreticngogol@gmail.com', 'www.liceulteoreticngogol.md', 'Larisa Ștefan', 36),
    (329, 'Liceul Teoretic "Ecaterina Malcoci"', 'Publică', 'liceulteoreticecaterinamalcoci@gmail.com', 'www.liceulteoreticecaterinamalcoci.md', 'Alexandru Ciobanu', 1469),
    (330, 'Instituţia Publică Liceul Teoretic Romăneşti', 'Publică', 'liceulteoreticromanesti@gmail.com', 'www.liceulteoreticromanesti.md', 'Nicolae Hâncu', 1514),
    (331, 'Liceul Teoretic "N.Tretiacov"', 'Publică', 'liceulteoreticntretiacov@gmail.com', 'www.liceulteoreticntretiacov.md', 'Octavian Călin', 40),
    (332, 'Liceul Teoretic Hîjdieni', 'Publică', 'liceulteoretichijdieni@gmail.com', 'www.liceulteoretichijdieni.md', 'Marian Donea', 892),
    (333, 'Liceul Teoretic Larga', 'Publică', 'liceulteoreticlarga@gmail.com', 'www.liceulteoreticlarga.md', 'Mihai Rusu', 300),
    (334, 'Liceul Teoretic "Mihai Viteazu"', 'Publică', 'liceulteoreticmihaiviteazu@gmail.com', 'www.liceulteoreticmihaiviteazu.md', 'Margareta Macovei', 1041),
    (335, 'Centru Externat 3', 'Publică', 'centruexternat3@gmail.com', 'www.centruexternat3.md', 'Gheorghe Negrescu', 1),
    (336, 'Liceul Teoretic cu profil de arte "Nicolae Sulac"', 'Publică', 'liceulteoreticcuprofildeartenicolaesulac@gmail.com', 'www.liceulteoreticcuprofildeartenicolaesulac.md', 'Tatiana Popescu', 1),
    (337, 'Liceul Teoretic "Academicianul Ion Bostan"', 'Publică', 'liceulteoreticacademicianulionbostan@gmail.com', 'www.liceulteoreticacademicianulionbostan.md', 'Ana Drăghici', 322),
    (338, 'Instituţia Publică Liceul Teoretic "Universul"', 'Publică', 'liceulteoreticuniversul@gmail.com', 'www.liceulteoreticuniversul.md', 'Alina Melnic', 1),
    (339, 'Liceul Teoretic "M.I. Tuzlov"', 'Publică', 'liceulteoreticmituzlov@gmail.com', 'www.liceulteoreticmituzlov.md', 'Octavian Munteanu', 52),
    (340, 'Liceul Teoretic "Ion Suruceanu"', 'Publică', 'liceulteoreticionsuruceanu@gmail.com', 'www.liceulteoreticionsuruceanu.md', 'Nicolae Balan', 1001),
    (341, 'Liceul Teoretic Tabani', 'Publică', 'liceulteoretictabani@gmail.com', 'www.liceulteoretictabani.md', 'Marian Drăghici', 310),
    (342, 'Instituţia Publică Liceul Teoretic "Grigore Vieru"', 'Publică', 'liceulteoreticgrigorevieru@gmail.com', 'www.liceulteoreticgrigorevieru.md', 'Tatiana Palade', 8),
    (343, 'Instituţie Publică Liceul Teoretic "V.Topală"', 'Publică', 'liceulteoreticvtopala@gmail.com', 'www.liceulteoreticvtopala.md', 'Liviu Cucu', 725),
    (344, 'Liceul Teoretic European', 'Privată', 'liceulteoreticeuropean@gmail.com', 'www.liceulteoreticeuropean.md', 'Nina Dănilă', 1),
    (345, 'Instituţia Publică Liceul Teoretic "V.Alecsandri"', 'Publică', 'liceulteoreticvalecsandri@gmail.com', 'www.liceulteoreticvalecsandri.md', 'Ana Lazăr', 791),
    (346, 'Liceul Teoretic cu profil sportiv Nr.3', 'Publică', 'liceulteoreticcuprofilsportivnr3@gmail.com', 'www.liceulteoreticcuprofilsportivnr3.md', 'Adrian Bordea', 1),
    (347, 'Instituţia Publică Liceul Teoretic "Viorel Cantemir"', 'Publică', 'liceulteoreticviorelcantemir@gmail.com', 'www.liceulteoreticviorelcantemir.md', 'Larisa Palade', 658),
    (348, 'Liceul Teoretic "Alexandr Puşkin"', 'Publică', 'liceulteoreticalexandrpuskin@gmail.com', 'www.liceulteoreticalexandrpuskin.md', 'Eugen Popescu', 265),
    (349, 'Instituţia Publică Liceul Teoretic "Bogdan Petriceicu Haşdeu"', 'Publică', 'liceulteoreticbogdanpetriceicuhasdeu@gmail.com', 'www.liceulteoreticbogdanpetriceicuhasdeu.md', 'Eugen Grosu', 1474),
    (350, 'Liceul Teoretic "Dimitrie Cantemir"', 'Publică', 'liceulteoreticdimitriecantemir@gmail.com', 'www.liceulteoreticdimitriecantemir.md', 'Galina Hâncu', 931),
    (351, 'Liceul Teoretic "Ion Creangă"', 'Publică', 'liceulteoreticioncreanga@gmail.com', 'www.liceulteoreticioncreanga.md', 'Andrei Grecu', 1341),
    (352, 'Instituţie Publică Liceul Teoretic Brătuşeni', 'Publică', 'liceulteoreticbratuseni@gmail.com', 'www.liceulteoreticbratuseni.md', 'Radu Munteanu', 684),
    (353, 'Instituţia Publică Liceul Teoretic "Alexandru Donici"', 'Publică', 'liceulteoreticalexandrudonici@gmail.com', 'www.liceulteoreticalexandrudonici.md', 'Alina Lungu', 1170),
    (354, 'Liceul Teoretic Seral Nr.2', 'Publică', 'liceulteoreticseralnr2@gmail.com', 'www.liceulteoreticseralnr2.md', 'Octavian Grecu', 1),
    (355, 'Instituţia Publică Liceul Teoretic "Nicolai Nekrasov"', 'Publică', 'liceulteoreticnicolainekrasov@gmail.com', 'www.liceulteoreticnicolainekrasov.md', 'Cristina Balan', 1488),
    (356, 'Instituţie Publică Liceul Teoretic "Ion Creangă"', 'Publică', 'liceulteoreticioncreanga@gmail.com', 'www.liceulteoreticioncreanga.md', 'Tatiana Popescu', 1201),
    (357, 'Liceul Teoretic Seral Nr.1', 'Publică', 'liceulteoreticseralnr1@gmail.com', 'www.liceulteoreticseralnr1.md', 'Tatiana Drăghici', 1),
    (358, 'Instituţia Publică Liceul Teoretic "Toader Bubuiog"', 'Publică', 'liceulteoretictoaderbubuiog@gmail.com', 'www.liceulteoretictoaderbubuiog.md', 'Ludmila Palade', 11),
    (359, 'Liceul Teoretic Ruseştii Noi', 'Publică', 'liceulteoreticrusestiinoi@gmail.com', 'www.liceulteoreticrusestiinoi.md', 'Petru Călin', 998),
    (360, 'Liceul Teoretic Cotiujeni', 'Publică', 'liceulteoreticcotiujeni@gmail.com', 'www.liceulteoreticcotiujeni.md', 'Galina Rotaru', 291),
    (361, 'Liceul Teoretic Agricol al UASM', 'Publică', 'liceulteoreticagricolaluasm@gmail.com', 'www.liceulteoreticagricolaluasm.md', 'Alina Palade', 1),
    (362, 'Instituţia Publică Liceul Teoretic "Ştefan cel Mare"', 'Publică', 'liceulteoreticstefancelmare@gmail.com', 'www.liceulteoreticstefancelmare.md', 'Tatiana Botnaru', 537),
    (363, 'Liceul Teoretic "A. Donici"', 'Publică', 'liceulteoreticadonici@gmail.com', 'www.liceulteoreticadonici.md', 'Sergiu Cucu', 926),
    (364, 'Liceul Teoretic Baurci', 'Publică', 'liceulteoreticbaurci@gmail.com', 'www.liceulteoreticbaurci.md', 'Cristina Ștefan', 44),
    (365, 'Instituţia Publică Liceul Teoretic "A.Mateevici"', 'Publică', 'liceulteoreticamateevici@gmail.com', 'www.liceulteoreticamateevici.md', 'Tudor Palade', 726),
    (366, 'Instituţie Publică Liceul Teoretic "Ştefan cel Mare"', 'Publică', 'liceulteoreticstefancelmare@gmail.com', 'www.liceulteoreticstefancelmare.md', 'Margareta Balan', 1360),
    (367, 'Liceul Teoretic Drepcăuţi', 'Publică', 'liceulteoreticdrepcauti@gmail.com', 'www.liceulteoreticdrepcauti.md', 'Larisa Palade', 275),
    (368, 'Liceul Teoretic "Ştefan cel Mare"', 'Publică', 'liceulteoreticstefancelmare@gmail.com', 'www.liceulteoreticstefancelmare.md', 'Vera Botnaru', 670),
    (369, 'Instituţia Publică Liceul Teoretic "Tudor Vladimirescu"', 'Publică', 'liceulteoretictudorvladimirescu@gmail.com', 'www.liceulteoretictudorvladimirescu.md', 'Vladislav Munteanu', 1),
    (370, 'Instituţie Publică Liceul Teoretic Cotiujenii Mari', 'Publică', 'liceulteoreticcotiujeniimari@gmail.com', 'www.liceulteoreticcotiujeniimari.md', 'Alina Călin', 1367),
    (371, 'Instituţia Publică Liceul Teoretic "Sergiu Coipan"', 'Publică', 'liceulteoreticsergiucoipan@gmail.com', 'www.liceulteoreticsergiucoipan.md', 'Irina Negrescu', 545),
    (372, 'Liceul Teoretic Cişmichioi', 'Publică', 'liceulteoreticcismichioi@gmail.com', 'www.liceulteoreticcismichioi.md', 'Vladislav Oncea', 54),
    (373, 'Liceul Teoretic Danu', 'Publică', 'liceulteoreticdanu@gmail.com', 'www.liceulteoreticdanu.md', 'Tudor Donea', 888),
    (374, 'Instituţia Publică Liceul Teoretic "Ştefan Ciobanu"', 'Publică', 'liceulteoreticstefanciobanu@gmail.com', 'www.liceulteoreticstefanciobanu.md', 'Victor Vrabie', 1483),
    (375, 'Liceul Teoretic Beleavinţi', 'Publică', 'liceulteoreticbeleavinti@gmail.com', 'www.liceulteoreticbeleavinti.md', 'Dumitru Drăghici', 275),
    (376, 'Liceul Teoretic "Durleşti"', 'Publică', 'liceulteoreticdurlesti@gmail.com', 'www.liceulteoreticdurlesti.md', 'Mihai Sturza', 4),
    (377, 'Liceul Teoretic "M.Manole"', 'Publică', 'liceulteoreticmmanole@gmail.com', 'www.liceulteoreticmmanole.md', 'Marian Palade', 465),
    (378, 'Instituţie Publică Liceul Teoretic Trinca', 'Publică', 'liceulteoretictrinca@gmail.com', 'www.liceulteoretictrinca.md', 'Dumitru Popescu', 721),
    (379, 'Liceul Teoretic Grimăncăuţi', 'Publică', 'liceulteoreticgrimancauti@gmail.com', 'www.liceulteoreticgrimancauti.md', 'Tatiana Munteanu', 275),
    (380, 'Liceul Regional-Internat Sportiv', 'Publică', 'liceulregional-internatsportiv@gmail.com', 'www.liceulregional-internatsportiv.md', 'Sergiu Negrescu', 40),
    (381, 'Instituţia Publică Liceul Teoretic "Ştefan cel Mare şi Sfînt"', 'Publică', 'liceulteoreticstefancelmaresisfint@gmail.com', 'www.liceulteoreticstefancelmaresisfint.md', 'Ion Oncea', 726),
    (382, 'Instituţia Publică Liceul Teoretic "Mihai Viteazul"', 'Publică', 'liceulteoreticmihaiviteazul@gmail.com', 'www.liceulteoreticmihaiviteazul.md', 'Ana Pavel', 512),
    (383, 'Liceul Teoretic Frumuşica', 'Publică', 'liceulteoreticfrumusica@gmail.com', 'www.liceulteoreticfrumusica.md', 'Natalia Negrescu', 825),
    (384, 'Liceul Teoretic Fiodor Ianioglo', 'Publică', 'liceulteoreticfiodorianioglo@gmail.com', 'www.liceulteoreticfiodorianioglo.md', 'Liuba Rusu', 53),
    (385, 'Liceul Teoretic "Ion Creangă"', 'Publică', 'liceulteoreticioncreanga@gmail.com', 'www.liceulteoreticioncreanga.md', 'Alina Grecu', 368),
    (386, 'Liceul Teoretic "D.Mavrodi"', 'Publică', 'liceulteoreticdmavrodi@gmail.com', 'www.liceulteoreticdmavrodi.md', 'Vladislav Ciobanu', 40),
    (387, 'Liceul Teoretic "D.Cantemir"', 'Publică', 'liceulteoreticdcantemir@gmail.com', 'www.liceulteoreticdcantemir.md', 'Larisa Călin', 1291),
    (388, 'Instituţia Publică Liceul Teoretic "Valeriu Hanganu"', 'Publică', 'liceulteoreticvaleriuhanganu@gmail.com', 'www.liceulteoreticvaleriuhanganu.md', 'Adrian Vrabie', 426),
    (389, 'Liceul Teoretic "M.Eminescu"', 'Publică', 'liceulteoreticmeminescu@gmail.com', 'www.liceulteoreticmeminescu.md', 'Ana Rotaru', 331),
    (390, 'Instituţia Publică Liceul Teoretic "Vasile Pârvan"', 'Publică', 'liceulteoreticvasileparvan@gmail.com', 'www.liceulteoreticvasileparvan.md', 'Cristina Dănilă', 435),
    (391, 'Instituţia Publică Liceul Teoretic "A. Puşkin"', 'Publică', 'liceulteoreticapuskin@gmail.com', 'www.liceulteoreticapuskin.md', 'Alexandru Hâncu', 1194),
    (392, 'Liceul Teoretic Dezghingea', 'Publică', 'liceulteoreticdezghingea@gmail.com', 'www.liceulteoreticdezghingea.md', 'Larisa Melnic', 60),
    (393, 'Liceul Teoretic "Marcu Tarlev"', 'Publică', 'liceulteoreticmarcutarlev@gmail.com', 'www.liceulteoreticmarcutarlev.md', 'Ana Grosu', 265),
    (394, 'Liceul Teoretic "V.Alecsandri"', 'Publică', 'liceulteoreticvalecsandri@gmail.com', 'www.liceulteoreticvalecsandri.md', 'Vera Donea', 477),
    (395, 'Instituţie Publică Liceul Teoretic Pecişte', 'Publică', 'liceulteoreticpeciste@gmail.com', 'www.liceulteoreticpeciste.md', 'Andrei Catan', 1216),
    (396, 'Instituţie Publică Liceul Teoretic Gura Bîcului', 'Publică', 'liceulteoreticgurabicului@gmail.com', 'www.liceulteoreticgurabicului.md', 'Nicolae Ștefan', 240),
    (397, 'Liceul Teoretic Tomai', 'Publică', 'liceulteoretictomai@gmail.com', 'www.liceulteoretictomai.md', 'Alexandru Rusu', 69),
    (398, 'Liceul Teoretic "D.Cantemir"', 'Publică', 'liceulteoreticdcantemir@gmail.com', 'www.liceulteoreticdcantemir.md', 'Elena Bordea', 465),
    (399, 'Instituţia Publică Liceul Teoretic "Maria Bieşu"', 'Publică', 'liceulteoreticmariabiesu@gmail.com', 'www.liceulteoreticmariabiesu.md', 'Nicolae Botnaru', 1486),
    (400, 'Liceul Teoretic "Luceafărul"', 'Publică', 'liceulteoreticluceafarul@gmail.com', 'www.liceulteoreticluceafarul.md', 'Ludmila Lazăr', 1290),
    (401, 'Centru Externat 1', 'Publică', 'centruexternat1@gmail.com', 'www.centruexternat1.md', 'Andrei Moraru', 1),
    (402, 'Liceul Teoretic Trebisăuţi', 'Publică', 'liceulteoretictrebisauti@gmail.com', 'www.liceulteoretictrebisauti.md', 'Diana Drăghici', 275),
    (403, 'Instituţia Publică Liceul Teoretic "Budeşti"', 'Publică', 'liceulteoreticbudesti@gmail.com', 'www.liceulteoreticbudesti.md', 'Svetlana Melnic', 1),
    (404, 'Instituţie Publică Liceul Teoretic Răspopeni', 'Publică', 'liceulteoreticraspopeni@gmail.com', 'www.liceulteoreticraspopeni.md', 'Octavian Donea', 1382),
    (405, 'Liceul Teoretic "M. Lomonosov"', 'Publică', 'liceulteoreticmlomonosov@gmail.com', 'www.liceulteoreticmlomonosov.md', 'Tudor Donea', 910),
    (406, 'Instituţia de Învăţămînt Privat Liceul "Elitex"', 'Privată', 'liceulelitex@gmail.com', 'www.liceulelitex.md', 'Vasile Moraru', 36),
    (407, 'Liceul Teoretic "Ion Creangă"', 'Publică', 'liceulteoreticioncreanga@gmail.com', 'www.liceulteoreticioncreanga.md', 'Valentina Palade', 465),
    (408, 'Liceul Teoretic "M.Viteazul"', 'Publică', 'liceulteoreticmviteazul@gmail.com', 'www.liceulteoreticmviteazul.md', 'Cristina Palade', 465),
    (409, 'Liceul Teoretic "Mihai Eminescu"', 'Publică', 'liceulteoreticmihaieminescu@gmail.com', 'www.liceulteoreticmihaieminescu.md', 'Diana Botnaru', 274),
    (410, 'Liceul Teoretic Caracuşenii Vechi', 'Publică', 'liceulteoreticcaracuseniivechi@gmail.com', 'www.liceulteoreticcaracuseniivechi.md', 'Maria Dănilă', 275),
    (411, 'Liceul Teoretic "Gr.Grigoriu"', 'Publică', 'liceulteoreticgrgrigoriu@gmail.com', 'www.liceulteoreticgrgrigoriu.md', 'Galina Vrabie', 465),
    (412, 'Liceul Teoretic "Cezar Radu"', 'Publică', 'liceulteoreticcezarradu@gmail.com', 'www.liceulteoreticcezarradu.md', 'Svetlana Bordea', 945),
    (413, 'Instituţia Publică Liceul Teoretic Selişte', 'Publică', 'liceulteoreticseliste@gmail.com', 'www.liceulteoreticseliste.md', 'Victor Călin', 1075),
    (414, 'Liceul Teoretic M. Chiosea', 'Publică', 'liceulteoreticmchiosea@gmail.com', 'www.liceulteoreticmchiosea.md', 'Larisa Rotaru', 45),
    (415, 'Liceul Teoretic Beşghioz', 'Publică', 'liceulteoreticbesghioz@gmail.com', 'www.liceulteoreticbesghioz.md', 'Margareta Cucu', 46),
    (416, 'Liceul Teoretic Cazaclia', 'Publică', 'liceulteoreticcazaclia@gmail.com', 'www.liceulteoreticcazaclia.md', 'Valentina Ștefan', 49),
    (417, 'Liceul Teoretic Svetlîi', 'Publică', 'liceulteoreticsvetlii@gmail.com', 'www.liceulteoreticsvetlii.md', 'Petru Hâncu', 68);